type,timestamp,health,health_scale,food_level,walk_speed,fly_speed,is_flying,allow_flight,hand_item_type,pktX,pktY,pktZ,pktYaw,pktPitch,pktAction
PacketPlayInEntityAction,1673903243446,20.0,20.0,20,0.2,0.1,false,true,AIR,0,0,0,0,0,START_SPRINTING
PacketPlayInPosition,1673903243447,20.0,20.0,20,0.2,0.1,false,true,AIR,11.141637490925852,99.0,13.588939884578442,0.0,0.0,0
PacketPlayInPosition,1673903243496,20.0,20.0,20,0.2,0.1,false,true,AIR,10.557094882773562,99.0,13.423851895444205,0.0,0.0,0
PacketPlayInPosition,1673903243546,20.0,20.0,20,0.2,0.1,false,true,AIR,9.300912817854297,99.4,13.069077806794729,0.0,0.0,0
PacketPlayInPosition,1673903243600,20.0,20.0,20,0.2,0.1,false,true,AIR,8.691330849975635,99.71360000610352,12.896918138900405,0.0,0.0,0
PacketPlayInPosition,1673903243647,20.0,20.0,20,0.2,0.1,false,true,AIR,8.085582738436244,99.94252801654054,12.72584123832681,0.0,0.0,0
PacketPlayInPosition,1673903243699,20.0,20.0,20,0.2,0.1,false,true,AIR,7.483644370885028,99.74252801654053,12.555840295203282,0.0,0.0,0
PacketPlayInPosition,1673903243749,20.0,20.0,20,0.2,0.1,false,true,AIR,6.8854917866211975,99.46812801119995,12.386908542488625,0.0,0.0,0
PacketPlayInPosition,1673903243799,20.0,20.0,20,0.2,0.1,false,true,AIR,6.2911011756404855,99.12081599920654,12.219039255701729,0.0,0.0,0
PacketPlayInPosition,1673903243841,20.0,20.0,20,0.2,0.1,false,true,AIR,5.700448877687374,99.0,12.052225752653904,0.0,0.0,0
PacketPlayInPosition,1673903243901,20.0,20.0,20,0.2,0.1,false,true,AIR,5.115906269535086,99.0,11.887137763519666,0.0,0.0,0
PacketPlayInPositionLook,1673903243943,20.0,20.0,20,0.2,0.1,false,true,AIR,3.8562821183724454,99.4,11.544785559670364,-1694.7999,16.994923,0
PacketPlayInPositionLook,1673903243996,20.0,20.0,20,0.2,0.1,false,true,AIR,3.2389325168381453,99.71360000610352,11.402980777590848,-1697.066,15.214503,0
PacketPlayInPosition,1673903244044,20.0,20.0,20,0.2,0.1,false,true,AIR,2.6254656247725583,99.94252801654054,11.300000011920922,0.0,0.0,0
PacketPlayInEntityAction,1673903244099,20.0,20.0,20,0.2,0.1,false,true,AIR,0,0,0,0,0,STOP_SPRINTING
PacketPlayInPosition,1673903244099,20.0,20.0,20,0.2,0.1,false,true,AIR,2.0230163893455346,100.08847746960939,11.161617833765495,0.0,0.0,0
PacketPlayInEntityAction,1673903244143,20.0,20.0,20,0.2,0.1,false,true,AIR,0,0,0,0,0,START_SPRINTING
PacketPlayInPositionLook,1673903244143,20.0,20.0,20,0.2,0.1,false,true,AIR,1.4343001278942982,100.15310793487474,10.98635588152375,-1693.4242,15.861929,0
PacketPlayInKeepAlive,1673903244171,20.0,20.0,20,0.2,0.1,false,true,AIR,0,0,0,0,0,0
PacketPlayInPositionLook,1673903244199,20.0,20.0,20,0.2,0.1,false,true,AIR,0.9642887387802394,100.13804579054164,10.596918024125742,-1670.3597,22.0934,0
PacketPlayInPositionLook,1673903244243,20.0,20.0,20,0.2,0.1,false,true,AIR,0.8098691044882845,100.04488488728204,10.010355661304928,-1634.7513,28.810436,0
PacketPlayInPositionLook,1673903244299,20.0,20.0,20,0.2,0.1,false,true,AIR,1.0644847232351409,100.0,9.464042041965426,-1595.0155,40.383163,0
PacketPlayInPositionLook,1673903244349,20.0,20.0,20,0.2,0.1,false,true,AIR,1.4643485148171949,100.0,9.006818840794647,-1578.8298,49.44712,0
PacketPlayInPositionLook,1673903244396,20.0,20.0,20,0.2,0.1,false,true,AIR,2.34428023347391,100.4,8.042672441490637,-1577.616,50.74197,0
PacketPlayInPosition,1673903244446,20.0,20.0,20,0.2,0.1,false,true,AIR,2.771280850552407,100.71360000610352,7.574805334614091,0.0,0.0,0
PacketPlayInPosition,1673903244496,20.0,20.0,20,0.2,0.1,false,true,AIR,3.1955959332031223,100.94252801654054,7.109880783726668,0.0,0.0,0
PacketPlayInPosition,1673903244541,20.0,20.0,20,0.2,0.1,false,true,AIR,3.6172423715542528,100.74252801654053,6.6478802822148,0.0,0.0,0
PacketPlayInPosition,1673903244597,20.0,20.0,20,0.2,0.1,false,true,AIR,4.036236949506934,100.46812801119995,6.1887854398585365,0.0,0.0,0
PacketPlayInPosition,1673903244643,20.0,20.0,20,0.2,0.1,false,true,AIR,4.452596345403334,100.12081599920654,5.732577982099514,0.0,0.0,0
PacketPlayInPosition,1673903244701,20.0,20.0,20,0.2,0.1,false,true,AIR,4.866337132690546,100.0,5.279239749313527,0.0,0.0,0
PacketPlayInPositionLook,1673903244747,20.0,20.0,20,0.2,0.1,false,true,AIR,5.35445427677649,100.0,4.917734905631416,-1566.5288,46.938343,0
PacketPlayInPositionLook,1673903244797,20.0,20.0,20,0.2,0.1,false,true,AIR,6.601514474707402,100.4,4.532119868955055,-1547.187,42.649147,0
PacketPlayInPositionLook,1673903244847,20.0,20.0,20,0.2,0.1,false,true,AIR,7.052964616199418,100.71360000610352,4.087798015363279,-1529.5447,39.41202,0
PacketPlayInPositionLook,1673903244903,20.0,20.0,20,0.2,0.1,false,true,AIR,7.5776309675400455,100.94252801654054,3.740057709376044,-1518.5385,38.198097,0
PacketPlayInPositionLook,1673903244946,20.0,20.0,20,0.2,0.1,false,true,AIR,8.11678990730804,100.74252801654053,3.422980771172911,-1515.4631,37.95531,0
PacketPlayInPositionLook,1673903245002,20.0,20.0,20,0.2,0.1,false,true,AIR,8.641557722497334,100.46812801119995,3.089899352417427,-1517.4054,37.793453,0
PacketPlayInPositionLook,1673903245051,20.0,20.0,20,0.2,0.1,false,true,AIR,9.12941847096626,100.12081599920654,2.71112204559444,-1522.8275,38.683666,0
PacketPlayInPositionLook,1673903245105,20.0,20.0,20,0.2,0.1,false,true,AIR,9.549507039750852,100.0,2.2636597145486634,-1531.8105,38.359955,0
PacketPlayInPositionLook,1673903245147,20.0,20.0,20,0.2,0.1,false,true,AIR,9.897350328025665,100.0,1.7657147991335493,-1540.0653,37.065105,0
PacketPlayInEntityAction,1673903245203,20.0,20.0,20,0.2,0.1,false,true,AIR,0,0,0,0,0,STOP_SPRINTING
PacketPlayInPositionLook,1673903245203,20.0,20.0,20,0.2,0.1,false,true,AIR,9.675633399045172,100.4,0.5058628066841406,-1539.9844,35.527473,0
PacketPlayInPositionLook,1673903245247,20.0,20.0,20,0.2,0.1,false,true,AIR,9.637340088062958,100.71360000610352,-0.10499748033068024,-1533.5911,31.723848,0
PacketPlayInPositionLook,1673903245299,20.0,20.0,20,0.2,0.1,false,true,AIR,9.725137310136697,100.94252801654054,-0.6945415224591539,-1521.5328,28.97229,0
PacketPlayInPositionLook,1673903245347,20.0,20.0,20,0.2,0.1,false,true,AIR,9.945465590889189,100.74252801654053,-1.231550757311972,-1507.6941,27.758368,0
PacketPlayInPositionLook,1673903245398,20.0,20.0,20,0.2,0.1,false,true,AIR,9.832611996714377,100.46812801119995,-1.7972033305630053,-1496.2833,27.434654,0
PacketPlayInPositionLook,1673903245446,20.0,20.0,20,0.2,0.1,false,true,AIR,9.786994968526685,100.12081599920654,-2.368557984879579,-1489.5663,27.515583,0
PacketPlayInPositionLook,1673903245498,20.0,20.0,20,0.2,0.1,false,true,AIR,9.372272116191647,100.0,-2.7589585251952125,-1486.7338,27.272799,0
PacketPlayInPositionLook,1673903245547,20.0,20.0,20,0.2,0.1,false,true,AIR,8.939529298818282,100.0,-3.1851952814127342,-1485.4388,26.382587,0
PacketPlayInPositionLook,1673903245603,20.0,20.0,20,0.2,0.1,false,true,AIR,8.03313457277507,100.4,-4.1245070918803215,-1483.982,25.168665,0
PacketPlayInPositionLook,1673903245651,20.0,20.0,20,0.2,0.1,false,true,AIR,7.6017124892336945,100.71360000610352,-4.588300300409307,-1482.9299,24.359383,0
PacketPlayInPosition,1673903245703,20.0,20.0,20,0.2,0.1,false,true,AIR,6.972680904285291,100.94252801654054,-4.6110461898487,0.0,0.0,0
PacketPlayInPosition,1673903245747,20.0,20.0,20,0.2,0.1,false,true,AIR,6.347605498562995,100.74252801654053,-4.633649023172261,0.0,0.0,0
PacketPlayInPosition,1673903245803,20.0,20.0,20,0.2,0.1,false,true,AIR,5.901610123938684,100.46812801119995,-4.218782547700334,0.0,0.0,0
PacketPlayInPosition,1673903245846,20.0,20.0,20,0.2,0.1,false,true,AIR,5.467283544866873,100.12081599920654,-3.8147704271372356,0.0,0.0,0
PacketPlayInPosition,1673903245906,20.0,20.0,20,0.2,0.1,false,true,AIR,5.044320464931066,100.0,-3.4213286736761583,0.0,0.0,0
PacketPlayInPosition,1673903245946,20.0,20.0,20,0.2,0.1,false,true,AIR,4.608472997695992,99.92159999847412,-3.0159018175624697,0.0,0.0,0
PacketPlayInEntityAction,1673903246002,20.0,20.0,20,0.2,0.1,false,true,AIR,0,0,0,0,0,START_SPRINTING
PacketPlayInPosition,1673903246003,20.0,20.0,20,0.2,0.1,false,true,AIR,4.586523377339744,99.76636799395752,-2.408890844503137,0.0,0.0,0
PacketPlayInPosition,1673903246047,20.0,20.0,20,0.2,0.1,false,true,AIR,4.564573756983496,99.53584062504456,-1.8018798714438047,0.0,0.0,0
PacketPlayInPositionLook,1673903246101,20.0,20.0,20,0.2,0.1,false,true,AIR,4.543438905802096,99.23152379758702,-1.1948399711326387,-1483.0109,24.359383,0
PacketPlayInPositionLook,1673903246147,20.0,20.0,20,0.2,0.1,false,true,AIR,4.532607866373611,99.0,-0.5875288280545916,-1483.982,24.52124,0
PacketPlayInPositionLook,1673903246205,20.0,20.0,20,0.2,0.1,false,true,AIR,4.538865137471092,99.4,0.7177753032501786,-1485.277,24.683098,0
PacketPlayInKeepAlive,1673903246229,20.0,20.0,20,0.2,0.1,false,true,AIR,0,0,0,0,0,0
PacketPlayInPositionLook,1673903246247,20.0,20.0,20,0.2,0.1,false,true,AIR,4.587461273897535,99.71360000610352,1.3493349276411615,-1489.4043,24.764027,0
PacketPlayInPositionLook,1673903246298,20.0,20.0,20,0.2,0.1,false,true,AIR,4.711442977355082,99.94252801654054,1.9664464528799983,-1496.3641,24.683098,0
PacketPlayInPositionLook,1673903246343,20.0,20.0,20,0.2,0.1,false,true,AIR,4.901314443019705,99.74252801654053,2.562415391669716,-1502.6765,24.683098,0
PacketPlayInPositionLook,1673903246398,20.0,20.0,20,0.2,0.1,false,true,AIR,5.130501217885938,99.5,3.140167845258959,-1506.642,24.683098,0
PacketPlayInPositionLook,1673903246448,20.0,20.0,20,0.2,0.1,false,true,AIR,5.367993937338269,99.5,3.6992218155007976,-1508.0178,24.683098,0
PacketPlayInPositionLook,1673903246499,20.0,20.0,20,0.2,0.1,false,true,AIR,5.8799778713437405,100.0,4.89994265215189,-1508.0988,24.683098,0
PacketPlayInPosition,1673903246551,20.0,20.0,20,0.2,0.1,false,true,AIR,6.462622593461036,100.0,4.651438590356624,0.0,0.0,0
PacketPlayInPosition,1673903246601,20.0,20.0,20,0.2,0.1,false,true,AIR,7.041602881397759,100.0,4.40449744802752,0.0,0.0,0
PacketPlayInPosition,1673903246647,20.0,20.0,20,0.2,0.1,false,true,AIR,7.60031472081378,100.0,4.16620101076908,0.0,0.0,0
PacketPlayInPositionLook,1673903246701,20.0,20.0,20,0.2,0.1,false,true,AIR,8.800986463718809,100.4,3.654101967100692,-1508.0988,24.764027,0
PacketPlayInPositionLook,1673903246747,20.0,20.0,20,0.2,0.1,false,true,AIR,9.384697881050098,100.71360000610352,3.408113928769164,-1507.856,25.573309,0
PacketPlayInPositionLook,1673903246799,20.0,20.0,20,0.2,0.1,false,true,AIR,9.96253563702536,100.94252801654054,3.657716893970593,-1506.642,26.220734,0
PacketPlayInPositionLook,1673903246842,20.0,20.0,20,0.2,0.1,false,true,AIR,10.525350375959261,100.74252801654053,3.930608329254003,-1504.133,26.949087,0
PacketPlayInPositionLook,1673903246898,20.0,20.0,20,0.2,0.1,false,true,AIR,11.070531361712442,100.46812801119995,4.229108239300505,-1501.3004,27.353727,0
PacketPlayInPositionLook,1673903246942,20.0,20.0,20,0.2,0.1,false,true,AIR,11.602809639147726,100.12081599920654,4.542413507942117,-1499.5199,27.67744,0
PacketPlayInPositionLook,1673903246999,20.0,20.0,20,0.2,0.1,false,true,AIR,12.128184338854402,99.70205021930268,4.8597120931944895,-1498.8724,27.920227,0
PacketPlayInPosition,1673903247041,20.0,20.0,20,0.2,0.1,false,true,AIR,12.322693046115518,99.21325974548368,4.895574963187493,0.0,0.0,0
PacketPlayInPosition,1673903247099,20.0,20.0,20,0.2,0.1,false,true,AIR,12.521506819364923,98.65584507029224,4.941382775308675,0.0,0.0,0
PacketPlayInPosition,1673903247147,20.0,20.0,20,0.2,0.1,false,true,AIR,12.724238202776577,98.5,4.9962404850273145,0.0,0.0,0
PacketPlayInPosition,1673903247199,20.0,20.0,20,0.2,0.1,false,true,AIR,12.970166627820399,98.5,5.144768271735193,0.0,0.0,0
PacketPlayInPositionLook,1673903247241,20.0,20.0,20,0.2,0.1,false,true,AIR,13.489654670535723,98.5,5.459532107102109,-1498.7915,28.082083,0
PacketPlayInPosition,1673903247298,20.0,20.0,20,0.2,0.1,false,true,AIR,14.606034474330952,98.9,6.135959589305613,0.0,0.0,0
PacketPlayInPositionLook,1673903247342,20.0,20.0,20,0.2,0.1,false,true,AIR,15.147302626754524,99.21360000610352,6.464985326463938,-1498.7106,28.163012,0
PacketPlayInPositionLook,1673903247398,20.0,20.0,20,0.2,0.1,false,true,AIR,15.675738237891192,99.44252801654054,6.806970569811387,-1497.0919,28.486725,0
PacketPlayInPositionLook,1673903247443,20.0,20.0,20,0.2,0.1,false,true,AIR,16.189016412946028,99.24252801654053,7.164427779399421,-1495.1495,28.648582,0
PacketPlayInPositionLook,1673903247499,20.0,20.0,20,0.2,0.1,false,true,AIR,16.696051437193482,98.96812801119995,7.523927382397941,-1494.664,28.648582,0
PacketPlayInPosition,1673903247541,20.0,20.0,20,0.2,0.1,false,true,AIR,17.199897560149815,98.62081599920654,7.881165980350782,0.0,0.0,0
PacketPlayInPosition,1673903247599,20.0,20.0,20,0.2,0.1,false,true,AIR,17.700574837809103,98.20205021930268,8.236157793423345,0.0,0.0,0
PacketPlayInPosition,1673903247643,20.0,20.0,20,0.2,0.1,false,true,AIR,17.87614303258216,98.0,8.366998750482187,0.0,0.0,0
PacketPlayInPosition,1673903247699,20.0,20.0,20,0.2,0.1,false,true,AIR,17.924364553122277,98.0,8.650223002849208,0.0,0.0,0
PacketPlayInPositionLook,1673903247742,20.0,20.0,20,0.2,0.1,false,true,AIR,18.027978602188732,98.0,9.248728024309592,-1494.8258,28.567654,0
PacketPlayInPositionLook,1673903247798,20.0,20.0,20,0.2,0.1,false,true,AIR,19.12876900202418,98.4,9.950239687643291,-1497.4966,28.001156,0
PacketPlayInPositionLook,1673903247842,20.0,20.0,20,0.2,0.1,false,true,AIR,19.68521081580909,98.71360000610352,10.252897340267571,-1501.4619,27.920227,0
PacketPlayInPositionLook,1673903247897,20.0,20.0,20,0.2,0.1,false,true,AIR,20.253884393201712,98.94252801654054,10.52272775693169,-1504.6182,28.324867,0
PacketPlayInPositionLook,1673903247941,20.0,20.0,20,0.2,0.1,false,true,AIR,20.699999988079078,98.74252801654053,10.783688336165309,-1505.3466,28.648579,0
PacketPlayInEntityAction,1673903247999,20.0,20.0,20,0.2,0.1,false,true,AIR,0,0,0,0,0,STOP_SPRINTING
PacketPlayInPosition,1673903247999,20.0,20.0,20,0.2,0.1,false,true,AIR,20.699999988079078,98.46812801119995,10.997963360768537,0.0,0.0,0
PacketPlayInPositionLook,1673903248041,20.0,20.0,20,0.2,0.1,false,true,AIR,20.699999988079078,98.12081599920654,11.11745329502819,-1505.4275,28.972292,0
PacketPlayInPositionLook,1673903248097,20.0,20.0,20,0.2,0.1,false,true,AIR,20.699999988079078,98.0,11.237318844756464,-1505.3466,29.457859,0
PacketPlayInPositionLook,1673903248145,20.0,20.0,20,0.2,0.1,false,true,AIR,20.699999988079078,98.0,11.489943648591504,-1505.4275,29.781572,0
PacketPlayInPositionLook,1673903248199,20.0,20.0,20,0.2,0.1,false,true,AIR,21.199999988079078,98.5,11.699999988079076,-1507.0461,30.348068,0
PacketPlayInPositionLook,1673903248242,20.0,20.0,20,0.2,0.1,false,true,AIR,21.55399265047354,99.0,11.820719702360718,-1511.1733,30.833637,0
PacketPlayInKeepAlive,1673903248269,20.0,20.0,20,0.2,0.1,false,true,AIR,0,0,0,0,0,0
PacketPlayInEntityAction,1673903248305,20.0,20.0,20,0.2,0.1,false,true,AIR,0,0,0,0,0,START_SPRINTING
PacketPlayInPositionLook,1673903248305,20.0,20.0,20,0.2,0.1,false,true,AIR,21.911407643121958,99.0,11.922624417080321,-1514.0868,31.96663,0
PacketPlayInPositionLook,1673903248347,20.0,20.0,20,0.2,0.1,false,true,AIR,22.49826388835614,99.0,12.07928927199805,-1515.058,33.099625,0
PacketPlayInPositionLook,1673903248401,20.0,20.0,20,0.2,0.1,false,true,AIR,23.757030727335156,99.4,12.42478028566893,-1514.6533,33.90891,0
PacketPlayInPositionLook,1673903248443,20.0,20.0,20,0.2,0.1,false,true,AIR,24.367382253812504,99.71360000610352,12.594191395311814,-1514.4915,34.151695,0
PacketPlayInPositionLook,1673903248505,20.0,20.0,20,0.2,0.1,false,true,AIR,24.976891014984613,99.94252801654054,12.75134458966748,-1515.5436,35.28469,0
PacketPlayInPositionLook,1673903248549,20.0,20.0,20,0.2,0.1,false,true,AIR,25.589365968412928,99.74252801654053,12.878248193356853,-1518.2952,37.550682,0
PacketPlayInPositionLook,1673903248599,20.0,20.0,20,0.2,0.1,false,true,AIR,26.204644114456087,99.46812801119995,12.96632325813971,-1521.856,39.00739,0
PacketPlayInPositionLook,1673903248647,20.0,20.0,20,0.2,0.1,false,true,AIR,26.821056401686374,99.12081599920654,13.005261269939483,-1526.3878,39.8976,0
PacketPlayInPositionLook,1673903248699,20.0,20.0,20,0.2,0.1,false,true,AIR,27.43477007186407,99.0,12.99802372949946,-1530.6769,40.54503,0
PacketPlayInPositionLook,1673903248746,20.0,20.0,20,0.2,0.1,false,true,AIR,28.03982677192374,99.0,12.944633462890982,-1535.0469,40.38317,0
PacketPlayInPositionLook,1673903248799,20.0,20.0,20,0.2,0.1,false,true,AIR,29.330999451261555,99.4,12.752979569782195,-1538.4458,39.73574,0
PacketPlayInPositionLook,1673903248843,20.0,20.0,20,0.2,0.1,false,true,AIR,29.953724528293307,99.71360000610352,12.637037251225031,-1540.55,39.492954,0
PacketPlayInPositionLook,1673903248901,20.0,20.0,20,0.2,0.1,false,true,AIR,30.572199146261834,99.94252801654054,12.520044787420117,-1540.7119,39.492954,0
PacketPlayInPosition,1673903248941,20.0,20.0,20,0.2,0.1,false,true,AIR,31.186783973992625,99.74252801654053,12.403788127689252,0.0,0.0,0
PacketPlayInPosition,1673903248999,20.0,20.0,20,0.2,0.1,false,true,AIR,31.699999988079078,99.46812801119995,12.288262644318669,0.0,0.0,0
PacketPlayInEntityAction,1673903249047,20.0,20.0,20,0.2,0.1,false,true,AIR,0,0,0,0,0,STOP_SPRINTING
PacketPlayInPosition,1673903249047,20.0,20.0,20,0.2,0.1,false,true,AIR,31.699999988079078,99.12081599920654,12.191100940753806,0.0,0.0,0
PacketPlayInPositionLook,1673903249099,20.0,20.0,20,0.2,0.1,false,true,AIR,31.699999988079078,98.70205021930268,12.138919823202777,-1540.4691,39.73574,0
PacketPlayInPositionLook,1673903249145,20.0,20.0,20,0.2,0.1,false,true,AIR,31.699999988079078,98.21325974548368,12.114407276419076,-1539.2551,40.949665,0
PacketPlayInPositionLook,1673903249197,20.0,20.0,20,0.2,0.1,false,true,AIR,31.699999988079078,97.65584507029224,12.09090272288667,-1533.5093,43.539364,0
PacketPlayInPositionLook,1673903249247,20.0,20.0,20,0.2,0.1,false,true,AIR,31.699999988079078,97.03117867644693,12.071384215966068,-1524.5261,44.024933,0
PacketPlayInPositionLook,1673903249300,20.0,20.0,20,0.2,0.1,false,true,AIR,31.71909746341408,96.34060559703806,12.058032187944217,-1516.9998,42.487297,0
PacketPlayInEntityAction,1673903249347,20.0,20.0,20,0.2,0.1,false,true,AIR,0,0,0,0,0,START_SPRINTING
PacketPlayInPositionLook,1673903249347,20.0,20.0,20,0.2,0.1,false,true,AIR,31.755406203044387,95.58544396451987,12.050962560641267,-1514.9766,41.43523,0
PacketPlayInPositionLook,1673903249399,20.0,20.0,20,0.2,0.1,false,true,AIR,31.813065046956233,94.76698554872259,12.051101095518739,-1515.0575,39.816666,0
PacketPlayInPositionLook,1673903249447,20.0,20.0,20,0.2,0.1,false,true,AIR,31.890336906820437,93.88649628410452,12.05693853181851,-1516.7571,32.69499,0
PacketPlayInPositionLook,1673903249499,20.0,20.0,20,0.2,0.1,false,true,AIR,31.985581826173174,92.94521678645894,12.067527796346761,-1518.052,18.45163,0
PacketPlayInPositionLook,1673903249547,20.0,20.0,20,0.2,0.1,false,true,AIR,32.097113450097055,91.94436285928691,12.082756260380897,-1517.3236,6.95983,0
PacketPlayInAbilities,1673903249599,20.0,20.0,20,0.2,0.1,false,true,AIR,0,0,0,0,0,0
PacketPlayInPositionLook,1673903249599,20.0,20.0,20,0.2,0.1,false,true,AIR,32.29299942613679,91.03512599600313,12.122960222567416,-1514.4102,-1.5376283,0
PacketPlayInEntityAction,1673903249647,20.0,20.0,20,0.2,0.1,true,true,AIR,0,0,0,0,0,STOP_SPRINTING
PacketPlayInPositionLook,1673903249647,20.0,20.0,20,0.2,0.1,true,true,AIR,32.29299942613679,90.63958388399332,12.122960222567416,-1507.6122,-5.9077497,0
PacketPlayInPositionLook,1673903249698,20.0,20.0,20,0.2,0.1,true,true,AIR,32.29299942613679,90.5522586227479,12.122960222567416,-1492.8833,-6.7170315,0
PacketPlayInPositionLook,1673903249746,20.0,20.0,20,0.2,0.1,true,true,AIR,32.04066465101933,90.64986347196111,12.247859458678665,-1466.3389,-6.79796,0
PacketPlayInPositionLook,1673903249800,20.0,20.0,20,0.2,0.1,true,true,AIR,31.75912687366242,90.8584263874495,12.244836227662402,-1439.3898,-8.254667,0
PacketPlayInPositionLook,1673903249847,20.0,20.0,20,0.2,0.1,true,true,AIR,31.51369932131979,91.133564142703,12.106858055884373,-1410.6602,-11.653651,0
PacketPlayInPositionLook,1673903249899,20.0,20.0,20,0.2,0.1,true,true,AIR,31.46384938455585,91.44864680181556,11.823915876872075,-1404.9952,-12.058292,0
PacketPlayInPosition,1673903249947,20.0,20.0,20,0.2,0.1,true,true,AIR,31.41399944779191,91.78769640324356,11.540973697859776,0.0,0.0,0
PacketPlayInPosition,1673903249999,20.0,20.0,20,0.2,0.1,true,true,AIR,31.364149511027968,92.14112617006083,11.258031518847478,0.0,0.0,0
PacketPlayInPosition,1673903250047,20.0,20.0,20,0.2,0.1,true,true,AIR,31.13353633854248,92.50318403611165,11.096506835797038,0.0,0.0,0
PacketPlayInPosition,1673903250097,20.0,20.0,20,0.2,0.1,true,true,AIR,30.902923166056993,92.87041876170261,10.9349821527466,0.0,0.0,0
PacketPlayInPosition,1673903250141,20.0,20.0,20,0.2,0.1,true,true,AIR,30.672309993571506,93.24075960301765,10.77345746969616,0.0,0.0,0
PacketPlayInPositionLook,1673903250198,20.0,20.0,20,0.2,0.1,true,true,AIR,30.455938484138123,93.61296411376713,10.59330189463196,-1400.2205,-12.220149,0
PacketPlayInPositionLook,1673903250246,20.0,20.0,20,0.2,0.1,true,true,AIR,30.270954127893855,93.98628682617729,10.38104393745392,-1391.0754,-10.925299,0
PacketPlayInEntityAction,1673903250305,20.0,20.0,20,0.2,0.1,true,true,AIR,0,0,0,0,0,START_SPRINTING
PacketPlayInPositionLook,1673903250305,20.0,20.0,20,0.2,0.1,true,true,AIR,29.99263612301152,94.36028045958385,10.30976715845793,-1380.6357,-8.254669,0
PacketPlayInKeepAlive,1673903250330,20.0,20.0,20,0.2,0.1,true,true,AIR,0,0,0,0,0,0
PacketPlayInPositionLook,1673903250343,20.0,20.0,20,0.2,0.1,true,true,AIR,29.72560106944244,94.73467664558825,10.203778617716129,-1373.3522,-4.2891884,0
PacketPlayInPositionLook,1673903250401,20.0,20.0,20,0.2,0.1,true,true,AIR,29.466715165094545,95.10931436315136,10.079201824772651,-1369.3058,0.24278946,0
PacketPlayInPositionLook,1673903250441,20.0,20.0,20,0.2,0.1,true,true,AIR,29.212014159397295,95.48409699964968,9.946278189805444,-1367.4443,2.5897064,0
PacketPlayInPositionLook,1673903250497,20.0,20.0,20,0.2,0.1,true,true,AIR,28.95806912810009,95.85896658750914,9.81191595846742,-1367.1206,3.8845572,0
PacketPlayInPositionLook,1673903250547,20.0,20.0,20,0.2,0.1,true,true,AIR,28.705266723356655,96.23388834618528,9.675416035101112,-1366.635,5.503121,0
PacketPlayInPositionLook,1673903250597,20.0,20.0,20,0.2,0.1,true,true,AIR,28.45324046557348,96.60884140735143,9.537488312307294,-1366.3113,7.121684,0
PacketPlayInPositionLook,1673903250646,20.0,20.0,20,0.2,0.1,true,true,AIR,28.201214207790304,96.9838132500116,9.399560589513477,-1366.3113,9.549529,0
PacketPlayInPositionLook,1673903250696,20.0,20.0,20,0.2,0.1,true,true,AIR,27.949386576090266,97.35879636156815,9.261270565483269,-1366.2303,12.867584,0
PacketPlayInPositionLook,1673903250748,20.0,20.0,20,0.2,0.1,true,true,AIR,27.69913951071899,97.73378623446256,9.120140500128564,-1365.5829,16.671207,0
PacketPlayInPositionLook,1673903250795,20.0,20.0,20,0.2,0.1,true,true,AIR,27.452558457116293,98.10878016415965,8.972698743784722,-1364.1261,20.15112,0
PacketPlayInPositionLook,1673903250843,20.0,20.0,20,0.2,0.1,true,true,AIR,27.20937627441685,98.48377652793837,8.819716006410417,-1362.8312,22.983604,0
PacketPlayInPositionLook,1673903250897,20.0,20.0,20,0.2,0.1,true,true,AIR,26.96794033675592,98.85877435216608,8.663991975647505,-1362.1837,24.683096,0
PacketPlayInPositionLook,1673903250947,20.0,20.0,20,0.2,0.1,true,true,AIR,26.726713625190662,99.0837730467027,8.507944019460972,-1362.1028,25.249594,0
PacketPlayInPositionLook,1673903250999,20.0,20.0,20,0.2,0.1,true,true,AIR,26.48527768752973,99.21877226342467,8.35221998869806,-1362.1837,26.625372,0
PacketPlayInPositionLook,1673903251047,20.0,20.0,20,0.2,0.1,true,true,AIR,26.24252178287904,99.29977179345785,8.198561710298355,-1362.6693,28.40579,0
PacketPlayInPositionLook,1673903251101,20.0,20.0,20,0.2,0.1,true,true,AIR,25.996778678248333,99.34837151147777,8.04972751644283,-1363.8024,31.076418,0
PacketPlayInPositionLook,1673903251146,20.0,20.0,20,0.2,0.1,true,true,AIR,25.746126723221945,99.52753134825018,7.909317798143919,-1365.7448,34.07076,0
PacketPlayInPositionLook,1673903251196,20.0,20.0,20,0.2,0.1,true,true,AIR,25.487768644700456,99.78502725627409,7.783650017318423,-1369.0627,37.95531,0
PacketPlayInPositionLook,1673903251248,20.0,20.0,20,0.2,0.1,true,true,AIR,25.22149225406449,99.93952480108844,7.67576963976651,-1372.9471,41.59708,0
PacketPlayInPositionLook,1673903251301,20.0,20.0,20,0.2,0.1,true,true,AIR,24.949418581287077,100.03222332797705,7.583480947381552,-1376.2653,44.91514,0
PacketPlayInPositionLook,1673903251349,20.0,20.0,20,0.2,0.1,true,true,AIR,24.67334159714978,100.08784244411021,7.503965013242062,-1378.936,47.504837,0
PacketPlayInPositionLook,1673903251399,20.0,20.0,20,0.2,0.1,true,true,AIR,24.395229753092934,100.1212139137901,7.431888027483518,-1380.4738,48.961544,0
PacketPlayInPositionLook,1673903251449,20.0,20.0,20,0.2,0.1,true,true,AIR,24.116816330973318,100.14123679559803,7.360984881805177,-1380.7166,49.1234,0
PacketPlayInPositionLook,1673903251505,20.0,20.0,20,0.2,0.1,true,true,AIR,23.838006290290764,100.30325053064325,7.291657721674736,-1381.0403,49.447117,0
PacketPlayInPosition,1673903251547,20.0,20.0,20,0.2,0.1,true,true,AIR,23.55919624960821,100.55045877763085,7.222330561544295,0.0,0.0,0
PacketPlayInPosition,1673903251599,20.0,20.0,20,0.2,0.1,true,true,AIR,23.280386208925655,100.69878372582342,7.153003401413854,0.0,0.0,0
PacketPlayInPosition,1673903251644,20.0,20.0,20,0.2,0.1,true,true,AIR,23.0015761682431,100.78777869473896,7.083676241283413,0.0,0.0,0
PacketPlayInAbilities,1673903251702,20.0,20.0,20,0.2,0.1,true,true,AIR,0,0,0,0,0,0
PacketPlayInPosition,1673903251702,20.0,20.0,20,0.2,0.1,true,true,AIR,22.722766127560547,100.84117567608828,7.0143490811529725,0.0,0.0,0
PacketPlayInPosition,1673903251747,20.0,20.0,20,0.2,0.1,false,true,AIR,22.443956086877993,100.81510471730321,6.945021921022532,0.0,0.0,0
PacketPlayInPositionLook,1673903251805,20.0,20.0,20,0.2,0.1,false,true,AIR,22.164947813973836,100.7111551756707,6.876496966930029,-1381.2021,49.447117,0
PacketPlayInPositionLook,1673903251847,20.0,20.0,20,0.2,0.1,false,true,AIR,21.885847805581502,100.53088462136228,6.808346566592452,-1381.2831,49.528046,0
PacketPlayInPosition,1673903251901,20.0,20.0,20,0.2,0.1,false,true,AIR,21.60674779718917,100.27581947317574,6.740196166254876,0.0,0.0,0
PacketPlayInPositionLook,1673903251949,20.0,20.0,20,0.2,0.1,false,true,AIR,21.328131587753706,99.94745562156209,6.670094087840912,-1380.8784,49.528046,0
PacketPlayInPositionLook,1673903251999,20.0,20.0,20,0.2,0.1,false,true,AIR,21.055802367339545,99.54725903919179,6.578562200390098,-1376.4274,48.556908,0
PacketPlayInPositionLook,1673903252043,20.0,20.0,20,0.2,0.1,false,true,AIR,20.454233548020216,99.07666637930987,6.357108153883756,-1367.6061,45.23885,0
PacketPlayInPositionLook,1673903252098,20.0,20.0,20,0.2,0.1,false,true,AIR,19.88580874375454,98.53708556212386,6.140251372863427,-1358.8657,40.545013,0
PacketPlayInPositionLook,1673903252156,20.0,20.0,20,0.2,0.1,false,true,AIR,19.348075860962975,98.0,5.9268764022873865,-1356.9235,38.11717,0
PacketPlayInPositionLook,1673903252197,20.0,20.0,20,0.2,0.1,false,true,AIR,18.88764330472818,98.0,5.5826515344429195,-1358.2184,36.66046,0
PacketPlayInPositionLook,1673903252243,20.0,20.0,20,0.2,0.1,false,true,AIR,18.371227488215737,98.0,5.262872205986798,-1363.236,36.417675,0
PacketPlayInPositionLook,1673903252297,20.0,20.0,20,0.2,0.1,false,true,AIR,17.136867398913715,98.4,4.838356794310031,-1376.0227,37.793457,0
PacketPlayInPositionLook,1673903252341,20.0,20.0,20,0.2,0.1,false,true,AIR,16.505117206534017,98.71360000610352,4.792304146331329,-1390.8326,41.67801,0
PacketPlayInKeepAlive,1673903252369,20.0,20.0,20,0.2,0.1,false,true,AIR,0,0,0,0,0,0
PacketPlayInPositionLook,1673903252397,20.0,20.0,20,0.2,0.1,false,true,AIR,15.87953635230716,98.94252801654054,4.86192262087733,-1401.3533,43.943996,0
PacketPlayInPositionLook,1673903252449,20.0,20.0,20,0.2,0.1,false,true,AIR,15.281492654237972,98.74252801654053,5.045154496147211,-1412.0358,43.053787,0
PacketPlayInPositionLook,1673903252497,20.0,20.0,20,0.2,0.1,false,true,AIR,14.75768500488691,98.46812801119995,5.379743903206902,-1427.574,42.244503,0
PacketPlayInPositionLook,1673903252541,20.0,20.0,20,0.2,0.1,false,true,AIR,14.401897052728273,98.12081599920654,5.884615479866804,-1449.8292,40.787796,0
PacketPlayInPositionLook,1673903252596,20.0,20.0,20,0.2,0.1,false,true,AIR,14.288456196515114,98.0,6.487797170272984,-1474.3505,36.660458,0
PacketPlayInPositionLook,1673903252642,20.0,20.0,20,0.2,0.1,false,true,AIR,14.349557118946414,98.0,7.092123882624616,-1490.7788,31.804766,0
PacketPlayInPositionLook,1673903252696,20.0,20.0,20,0.2,0.1,false,true,AIR,14.68393201697746,98.4,8.35388909685842,-1499.8428,26.706293,0
PacketPlayInPositionLook,1673903252741,20.0,20.0,20,0.2,0.1,false,true,AIR,14.872797532001561,98.71360000610352,8.958503806139444,-1502.3516,25.330515,0
PacketPlayInPosition,1673903252799,20.0,20.0,20,0.2,0.1,false,true,AIR,15.430343982804468,98.94252801654054,9.250633954492088,0.0,0.0,0
PacketPlayInPositionLook,1673903252843,20.0,20.0,20,0.2,0.1,false,true,AIR,15.984383834987828,98.74252801654053,9.540926797318946,-1502.3516,25.411444,0
PacketPlayInPositionLook,1673903252897,20.0,20.0,20,0.2,0.1,false,true,AIR,16.538167330573486,98.46812801119995,9.823147072262476,-1502.999,25.735157,0
PacketPlayInPositionLook,1673903252947,20.0,20.0,20,0.2,0.1,false,true,AIR,17.100591039878328,98.12081599920654,10.07841134782306,-1505.5889,25.897013,0
PacketPlayInPositionLook,1673903252999,20.0,20.0,20,0.2,0.1,false,true,AIR,17.678350656255493,98.0,10.285512017702956,-1510.2826,26.54444,0
PacketPlayInPositionLook,1673903253047,20.0,20.0,20,0.2,0.1,false,true,AIR,18.270184995516118,98.0,10.422172981044532,-1516.9996,27.272793,0
PacketPlayInPositionLook,1673903253104,20.0,20.0,20,0.2,0.1,false,true,AIR,19.56618660107127,98.4,10.57785843057389,-1523.1501,27.920218,0
PacketPlayInPositionLook,1673903253146,20.0,20.0,20,0.2,0.1,false,true,AIR,20.19705346795249,98.71360000610352,10.634745488334051,-1524.8496,28.001146,0
PacketPlayInPosition,1673903253203,20.0,20.0,20,0.2,0.1,false,true,AIR,20.699999988079075,98.94252801654054,10.691274765156098,0.0,0.0,0
PacketPlayInEntityAction,1673903253245,20.0,20.0,20,0.2,0.1,false,true,AIR,0,0,0,0,0,STOP_SPRINTING
PacketPlayInPosition,1673903253245,20.0,20.0,20,0.2,0.1,false,true,AIR,21.200897953345944,99.08847746960939,10.736442157799415,0.0,0.0,0
PacketPlayInEntityAction,1673903253303,20.0,20.0,20,0.2,0.1,false,true,AIR,0,0,0,0,0,START_SPRINTING
PacketPlayInPositionLook,1673903253303,20.0,20.0,20,0.2,0.1,false,true,AIR,21.69838377033392,99.15310793487474,10.784140281597729,-1524.5259,28.001146,0
PacketPlayInPositionLook,1673903253347,20.0,20.0,20,0.2,0.1,false,true,AIR,22.190572731727606,99.13804579054164,10.850362902078668,-1522.3407,28.163004,0
PacketPlayInEntityAction,1673903253403,20.0,20.0,20,0.2,0.1,false,true,AIR,0,0,0,0,0,STOP_SPRINTING
PacketPlayInPositionLook,1673903253403,20.0,20.0,20,0.2,0.1,false,true,AIR,22.190572731727606,99.04488488728204,10.850362902078668,-1520.0746,28.163004,0
PacketPlayInPositionLook,1673903253447,20.0,20.0,20,0.2,0.1,false,true,AIR,22.190572731727606,99.0,10.850362902078668,-1517.161,28.324862,0
PacketPlayInLook,1673903253505,20.0,20.0,20,0.2,0.1,false,true,AIR,0.0,0.0,0.0,-1514.2474,28.48672,0
PacketPlayInLook,1673903253546,20.0,20.0,20,0.2,0.1,false,true,AIR,0.0,0.0,0.0,-1511.4957,28.648577,0
PacketPlayInLook,1673903253594,20.0,20.0,20,0.2,0.1,false,true,AIR,0.0,0.0,0.0,-1509.6343,28.810434,0
PacketPlayInLook,1673903253640,20.0,20.0,20,0.2,0.1,false,true,AIR,0.0,0.0,0.0,-1509.4724,28.810434,0
PacketPlayInPositionLook,1673903253703,20.0,20.0,20,0.2,0.1,false,true,AIR,22.094450354396653,99.0,11.115000658537209,-1510.039,28.648579,0
PacketPlayInLook,1673903253747,20.0,20.0,20,0.2,0.1,false,true,AIR,0.0,0.0,0.0,-1512.1432,27.920225,0
PacketPlayInLook,1673903253801,20.0,20.0,20,0.2,0.1,false,true,AIR,0.0,0.0,0.0,-1514.9758,27.515585,0
PacketPlayInLook,1673903253847,20.0,20.0,20,0.2,0.1,false,true,AIR,0.0,0.0,0.0,-1516.7563,27.353727,0
PacketPlayInLook,1673903253905,20.0,20.0,20,0.2,0.1,false,true,AIR,0.0,0.0,0.0,-1517.5657,27.272799,0
PacketPlayInLook,1673903253947,20.0,20.0,20,0.2,0.1,false,true,AIR,0.0,0.0,0.0,-1518.2941,27.272799,0
PacketPlayInLook,1673903254001,20.0,20.0,20,0.2,0.1,false,true,AIR,0.0,0.0,0.0,-1518.5369,27.353727,0
PacketPlayInLook,1673903254047,20.0,20.0,20,0.2,0.1,false,true,AIR,0.0,0.0,0.0,-1517.5657,27.434656,0
PacketPlayInLook,1673903254100,20.0,20.0,20,0.2,0.1,false,true,AIR,0.0,0.0,0.0,-1516.7563,27.110943,0
PacketPlayInLook,1673903254147,20.0,20.0,20,0.2,0.1,false,true,AIR,0.0,0.0,0.0,-1516.4326,27.030014,0
PacketPlayInEntityAction,1673903254203,20.0,20.0,20,0.2,0.1,false,true,AIR,0,0,0,0,0,START_SPRINTING
PacketPlayInPositionLook,1673903254203,20.0,20.0,20,0.2,0.1,false,true,AIR,22.684494027980566,99.0,11.259196908500138,-1516.2708,27.030014,0
PacketPlayInPosition,1673903254241,20.0,20.0,20,0.2,0.1,false,true,AIR,23.952497882512397,99.4,11.569074649670473,0.0,0.0,0
PacketPlayInPosition,1673903254305,20.0,20.0,20,0.2,0.1,false,true,AIR,24.56781655280523,99.71360000610352,11.719447662314568,0.0,0.0,0
PacketPlayInPositionLook,1673903254341,20.0,20.0,20,0.2,0.1,false,true,AIR,25.179479542415176,99.94252801654054,11.867995448237911,-1516.3517,27.19187,0
PacketPlayInPositionLook,1673903254403,20.0,20.0,20,0.2,0.1,false,true,AIR,25.788519356676616,99.74252801654053,12.010475700920608,-1516.8373,28.163008,0
PacketPlayInKeepAlive,1673903254427,20.0,20.0,20,0.2,0.1,false,true,AIR,0,0,0,0,0,0
PacketPlayInPositionLook,1673903254447,20.0,20.0,20,0.2,0.1,false,true,AIR,26.396044121237203,99.46812801119995,12.141769761340413,-1517.8085,30.024357,0
PacketPlayInPositionLook,1673903254498,20.0,20.0,20,0.2,0.1,false,true,AIR,27.00428571018095,99.12081599920654,12.249112694962047,-1519.9937,33.0187,0
PacketPlayInPositionLook,1673903254546,20.0,20.0,20,0.2,0.1,false,true,AIR,27.614256941334865,99.0,12.317171659188045,-1523.6353,36.741394,0
PacketPlayInPositionLook,1673903254600,20.0,20.0,20,0.2,0.1,false,true,AIR,28.22075786793133,99.0,12.350348795877359,-1526.8724,38.27903,0
PacketPlayInPositionLook,1673903254646,20.0,20.0,20,0.2,0.1,false,true,AIR,29.525623345447983,99.4,12.38475993292558,-1528.4911,38.117172,0
PacketPlayInPositionLook,1673903254697,20.0,20.0,20,0.2,0.1,false,true,AIR,30.158914045584176,99.71360000610352,12.397876460782586,-1528.8148,37.388813,0
PacketPlayInPositionLook,1673903254747,20.0,20.0,20,0.2,0.1,false,true,AIR,30.78822179818082,99.94252801654054,12.41091049501961,-1528.8148,36.82231,0
PacketPlayInPosition,1673903254799,20.0,20.0,20,0.2,0.1,false,true,AIR,31.413571653141695,99.74252801654053,12.42386255446278,0.0,0.0,0
PacketPlayInPositionLook,1673903254847,20.0,20.0,20,0.2,0.1,false,true,AIR,31.699999988079075,99.46812801119995,12.43673315467517,-1528.8148,36.98417,0
PacketPlayInEntityAction,1673903254901,20.0,20.0,20,0.2,0.1,false,true,AIR,0,0,0,0,0,STOP_SPRINTING
PacketPlayInPositionLook,1673903254901,20.0,20.0,20,0.2,0.1,false,true,AIR,31.699999988079075,99.12081599920654,12.441057484589324,-1529.1385,38.440876,0
PacketPlayInPositionLook,1673903254947,20.0,20.0,20,0.2,0.1,false,true,AIR,31.699999988079075,98.70205021930268,12.443371201149368,-1529.5432,40.94965,0
PacketPlayInPositionLook,1673903254998,20.0,20.0,20,0.2,0.1,false,true,AIR,31.699999988079075,98.21325974548368,12.45379639694409,-1529.2195,44.51049,0
PacketPlayInPositionLook,1673903255046,20.0,20.0,20,0.2,0.1,false,true,AIR,31.699999988079075,97.65584507029224,12.463910846408732,-1528.1674,44.99606,0
PacketPlayInPositionLook,1673903255099,20.0,20.0,20,0.2,0.1,false,true,AIR,31.699999988079075,97.03117867644693,12.473964094992741,-1527.5199,44.105846,0
PacketPlayInPositionLook,1673903255147,20.0,20.0,20,0.2,0.1,false,true,AIR,31.719589017331604,96.34060559703806,12.483768244295268,-1528.0864,43.94399,0
PacketPlayInEntityAction,1673903255197,20.0,20.0,20,0.2,0.1,false,true,AIR,0,0,0,0,0,START_SPRINTING
PacketPlayInPositionLook,1673903255197,20.0,20.0,20,0.2,0.1,false,true,AIR,31.75701503283496,95.58544396451987,12.49268062478536,-1530.0288,44.348633,0
PacketPlayInPositionLook,1673903255247,20.0,20.0,20,0.2,0.1,false,true,AIR,31.816543193835326,94.76698554872259,12.500094761575621,-1531.5665,44.348633,0
PacketPlayInPositionLook,1673903255299,20.0,20.0,20,0.2,0.1,false,true,AIR,31.896189942319197,93.88649628410452,12.506397047514742,-1531.0,41.516148,0
PacketPlayInPositionLook,1673903255347,20.0,20.0,20,0.2,0.1,false,true,AIR,31.994025070688235,92.94521678645894,12.514636897597313,-1524.3639,33.3424,0
PacketPlayInEntityAction,1673903255401,20.0,20.0,20,0.2,0.1,false,true,AIR,0,0,0,0,0,STOP_SPRINTING
PacketPlayInPositionLook,1673903255401,20.0,20.0,20,0.2,0.1,false,true,AIR,32.08305504006989,91.94436285928691,12.522135161388551,-1511.1726,24.278444,0
PacketPlayInPositionLook,1673903255447,20.0,20.0,20,0.2,0.1,false,true,AIR,32.164072314542096,90.88512599004267,12.528958581635228,-1493.6112,17.804192,0
PacketPlayInAbilities,1673903255499,20.0,20.0,20,0.2,0.1,false,true,AIR,0,0,0,0,0,0
PacketPlayInPositionLook,1673903255499,20.0,20.0,20,0.2,0.1,false,true,AIR,32.23779803643657,89.91867384241455,12.535167894238656,-1470.7085,13.757784,0
PacketPlayInPositionLook,1673903255546,20.0,20.0,20,0.2,0.1,true,true,AIR,32.23779803643657,89.48880255979815,12.535167894238656,-1444.0022,10.84437,0
PacketPlayInPositionLook,1673903255601,20.0,20.0,20,0.2,0.1,true,true,AIR,32.11986325587465,89.38087979618876,12.273189509010738,-1419.2382,6.717033,0
PacketPlayInPositionLook,1673903255647,20.0,20.0,20,0.2,0.1,true,true,AIR,32.0892917151822,89.4661261439836,11.987520695108598,-1401.1104,2.6706243,0
PacketPlayInPositionLook,1673903255703,20.0,20.0,20,0.2,0.1,true,true,AIR,32.126728168196806,89.66727395862097,11.702670205599492,-1387.5144,-1.9422817,0
PacketPlayInPositionLook,1673903255747,20.0,20.0,20,0.2,0.1,true,true,AIR,32.20507878593339,89.93796265336385,11.426260237223334,-1379.1787,-6.1505466,0
PacketPlayInPositionLook,1673903255799,20.0,20.0,20,0.2,0.1,true,true,AIR,32.30881063709093,90.25037587617005,11.158340485030836,-1373.8375,-9.387673,0
PacketPlayInPositionLook,1673903255847,20.0,20.0,20,0.2,0.1,true,true,AIR,32.42935166790916,90.58782381581423,10.897551013648933,-1370.1959,-11.006237,0
PacketPlayInPositionLook,1673903255899,20.0,20.0,20,0.2,0.1,true,true,AIR,32.55867260006798,90.94029258556121,10.64100202676696,-1368.2535,-11.087165,0
PacketPlayInPositionLook,1673903255946,20.0,20.0,20,0.2,0.1,true,true,AIR,32.47351295747447,91.30177385336985,10.37263567866464,-1367.6061,-11.006237,0
PacketPlayInPositionLook,1673903255999,20.0,20.0,20,0.2,0.1,true,true,AIR,32.39750877878268,91.66866262001551,10.101534178620476,-1365.6637,-11.087165,0
PacketPlayInPositionLook,1673903256047,20.0,20.0,20,0.2,0.1,true,true,AIR,32.329568160532546,92.03879588596337,9.828300333433694,-1363.9641,-10.84438,0
PacketPlayInEntityAction,1673903256099,20.0,20.0,20,0.2,0.1,true,true,AIR,0,0,0,0,0,START_SPRINTING
PacketPlayInPositionLook,1673903256099,20.0,20.0,20,0.2,0.1,true,true,AIR,32.084670864980055,92.41087585149255,9.678078479778117,-1363.4785,-9.873242,0
PacketPlayInPositionLook,1673903256147,20.0,20.0,20,0.2,0.1,true,true,AIR,31.840830933521815,92.78412383677052,9.526146325229949,-1363.0739,-8.335608,0
PacketPlayInPositionLook,1673903256201,20.0,20.0,20,0.2,0.1,true,true,AIR,31.596149936448164,93.15807263389776,9.375572427862233,-1363.3976,-6.3933315,0
PacketPlayInPositionLook,1673903256247,20.0,20.0,20,0.2,0.1,true,true,AIR,31.35019305062754,93.53244191813457,9.227091801791733,-1363.8832,-4.774768,0
PacketPlayInPositionLook,1673903256303,20.0,20.0,20,0.2,0.1,true,true,AIR,31.103824288390705,93.90706349463711,9.079295587193316,-1364.045,-2.7515633,0
PacketPlayInPositionLook,1673903256347,20.0,20.0,20,0.2,0.1,true,true,AIR,30.858926992838214,94.28183644649911,8.92907373353774,-1363.4785,0.16185084,0
PacketPlayInPositionLook,1673903256399,20.0,20.0,20,0.2,0.1,true,true,AIR,30.619709642939398,94.65670022357678,8.769962613468712,-1361.3743,3.8845468,0
PacketPlayInPositionLook,1673903256441,20.0,20.0,20,0.2,0.1,true,true,AIR,30.38960614614946,95.03161849578385,8.597934496211355,-1358.218,7.8500276,0
PacketPlayInKeepAlive,1673903256473,20.0,20.0,20,0.2,0.1,true,true,AIR,0,0,0,0,0,0
PacketPlayInPositionLook,1673903256501,20.0,20.0,20,0.2,0.1,true,true,AIR,30.16649283533556,95.40656946506854,8.416932449435537,-1355.9519,10.844369,0
PacketPlayInPositionLook,1673903256547,20.0,20.0,20,0.2,0.1,true,true,AIR,29.94726440343124,95.78154005259982,8.231244032656496,-1354.7379,12.786645,0
PacketPlayInPositionLook,1673903256599,20.0,20.0,20,0.2,0.1,true,true,AIR,29.731745838920897,96.15652241107905,8.041262353932208,-1353.6049,14.567065,0
PacketPlayInPositionLook,1673903256647,20.0,20.0,20,0.2,0.1,true,true,AIR,29.520039819793528,96.53151183212705,7.847041218172854,-1352.4718,16.752127,0
PacketPlayInPositionLook,1673903256707,20.0,20.0,20,0.2,0.1,true,true,AIR,29.310262026856964,96.90650549071631,7.650738986574954,-1351.9053,18.289762,0
PacketPlayInPositionLook,1673903256741,20.0,20.0,20,0.2,0.1,true,true,AIR,29.10214785365922,97.28150169183034,7.452673882132119,-1351.4197,20.555752,0
PacketPlayInPositionLook,1673903256807,20.0,20.0,20,0.2,0.1,true,true,AIR,28.894318733464306,97.65649941845922,7.254309699791021,-1351.3387,23.469166,0
PacketPlayInPositionLook,1673903256843,20.0,20.0,20,0.2,0.1,true,true,AIR,28.686489613269394,98.03149806039701,7.055945517449922,-1351.3387,25.087729,0
PacketPlayInPositionLook,1673903256901,20.0,20.0,20,0.2,0.1,true,true,AIR,28.474225851963585,98.40649725152015,6.862334096466847,-1352.6337,27.110933,0
PacketPlayInPositionLook,1673903256940,20.0,20.0,20,0.2,0.1,true,true,AIR,28.25035098419053,98.7814967721545,6.682274851452656,-1356.1945,30.024347,0
PacketPlayInPositionLook,1673903257001,20.0,20.0,20,0.2,0.1,true,true,AIR,28.013399742303914,99.0064964845351,6.519808253746577,-1360.5645,32.12848,0
PacketPlayInPositionLook,1673903257043,20.0,20.0,20,0.2,0.1,true,true,AIR,27.76395498999817,99.14149631196346,6.377264919030019,-1365.2582,33.9089,0
PacketPlayInPositionLook,1673903257099,20.0,20.0,20,0.2,0.1,true,true,AIR,27.50869552289707,99.22249620842048,6.245416911345073,-1367.686,34.637257,0
PacketPlayInPositionLook,1673903257141,20.0,20.0,20,0.2,0.1,true,true,AIR,27.25305789735181,99.2710961462947,6.114303626661846,-1367.8479,34.637257,0
PacketPlayInPosition,1673903257203,20.0,20.0,20,0.2,0.1,true,true,AIR,26.997420271806547,99.30025610901922,5.983190341978618,0.0,0.0,0
PacketPlayInPosition,1673903257249,20.0,20.0,20,0.2,0.1,true,true,AIR,26.741782646261285,99.31775208665393,5.852077057295391,0.0,0.0,0
PacketPlayInPositionLook,1673903257301,20.0,20.0,20,0.2,0.1,true,true,AIR,26.486145020716023,99.32824967323475,5.720963772612164,-1367.8479,34.718185,0
PacketPlayInPosition,1673903257343,20.0,20.0,20,0.2,0.1,true,true,AIR,26.23050739517076,99.33454822518325,5.589850487928937,0.0,0.0,0
PacketPlayInPositionLook,1673903257401,20.0,20.0,20,0.2,0.1,true,true,AIR,25.97543780357702,99.33832735635235,5.45763552116687,-1367.6051,35.689327,0
PacketPlayInPosition,1673903257441,20.0,20.0,20,0.2,0.1,true,true,AIR,25.720368211983278,99.33832735635235,5.325420554404804,0.0,0.0,0
PacketPlayInPosition,1673903257503,20.0,20.0,20,0.2,0.1,true,true,AIR,25.465298620389536,99.33832735635235,5.193205587642738,0.0,0.0,0
PacketPlayInPosition,1673903257541,20.0,20.0,20,0.2,0.1,true,true,AIR,25.210229028795794,99.48832736231282,5.060990620880672,0.0,0.0,0
PacketPlayInPosition,1673903257603,20.0,20.0,20,0.2,0.1,true,true,AIR,24.955159437202052,99.72832737184956,4.928775654118605,0.0,0.0,0
PacketPlayInPosition,1673903257641,20.0,20.0,20,0.2,0.1,true,true,AIR,24.70008984560831,99.87232737757161,4.796560687356539,0.0,0.0,0
PacketPlayInPosition,1673903257701,20.0,20.0,20,0.2,0.1,true,true,AIR,24.426238316123325,99.95872738100483,4.883432019858904,0.0,0.0,0
PacketPlayInPosition,1673903257743,20.0,20.0,20,0.2,0.1,true,true,AIR,24.171168724529583,100.01056738306477,4.751217053096838,0.0,0.0,0
PacketPlayInAbilities,1673903257795,20.0,20.0,20,0.2,0.1,true,true,AIR,0,0,0,0,0,0
PacketPlayInPosition,1673903257795,20.0,20.0,20,0.2,0.1,true,true,AIR,23.91609913293584,100.04167138430073,4.619002086334771,0.0,0.0,0
PacketPlayInPosition,1673903257861,20.0,20.0,20,0.2,0.1,false,true,AIR,23.6610295413421,99.99375330457936,4.486787119572705,0.0,0.0,0
PacketPlayInPosition,1673903257894,20.0,20.0,20,0.2,0.1,false,true,AIR,23.405959949748357,99.86839358401257,4.354572152810639,0.0,0.0,0
PacketPlayInPosition,1673903257946,20.0,20.0,20,0.2,0.1,false,true,AIR,23.150890358154616,99.66714105394018,4.222357186048573,0.0,0.0,0
PacketPlayInPosition,1673903258001,20.0,20.0,20,0.2,0.1,false,true,AIR,22.895820766560874,99.39151356910479,4.090142219286507,0.0,0.0,0
PacketPlayInPosition,1673903258047,20.0,20.0,20,0.2,0.1,false,true,AIR,22.640751174967132,99.04299862718304,3.957927252524441,0.0,0.0,0
PacketPlayInPosition,1673903258099,20.0,20.0,20,0.2,0.1,false,true,AIR,22.38568158337339,98.62305397592645,3.825712285762375,0.0,0.0,0
PacketPlayInPosition,1673903258141,20.0,20.0,20,0.2,0.1,false,true,AIR,21.815399110086858,98.13310820815931,3.5330941210382494,0.0,0.0,0
PacketPlayInPosition,1673903258199,20.0,20.0,20,0.2,0.1,false,true,AIR,21.273358826997825,98.0,3.2548464287948997,0.0,0.0,0
PacketPlayInPositionLook,1673903258241,20.0,20.0,20,0.2,0.1,false,true,AIR,20.729660749268046,98.0,2.9884501230635103,-1368.9,35.770256,0
PacketPlayInPositionLook,1673903258305,20.0,20.0,20,0.2,0.1,false,true,AIR,20.17235208068972,98.0,2.746890264587253,-1371.5707,35.6084,0
PacketPlayInPositionLook,1673903258347,20.0,20.0,20,0.2,0.1,false,true,AIR,18.95377948199958,98.4,2.278981116394439,-1373.9987,35.6084,0
PacketPlayInPositionLook,1673903258402,20.0,20.0,20,0.2,0.1,false,true,AIR,18.355083861068096,98.71360000610352,2.0721171820463056,-1375.941,35.6084,0
PacketPlayInPositionLook,1673903258442,20.0,20.0,20,0.2,0.1,false,true,AIR,17.757032802111357,98.94252801654054,1.8758188883385967,-1376.8313,35.6084,0
PacketPlayInPosition,1673903258501,20.0,20.0,20,0.2,0.1,false,true,AIR,17.16274307661316,98.74252801654053,1.6807551770781881,0.0,0.0,0
PacketPlayInKeepAlive,1673903258533,20.0,20.0,20,0.2,0.1,false,true,AIR,0,0,0,0,0,0
PacketPlayInPosition,1673903258541,20.0,20.0,20,0.2,0.1,false,true,AIR,16.572191028350222,98.46812801119995,1.4869182835831243,0.0,0.0,0
PacketPlayInPosition,1673903258597,20.0,20.0,20,0.2,0.1,false,true,AIR,15.985353149880773,98.12081599920654,1.2943004920060046,0.0,0.0,0
PacketPlayInPosition,1673903258647,20.0,20.0,20,0.2,0.1,false,true,AIR,15.40220608160883,98.0,1.1028941350268493,0.0,0.0,0
PacketPlayInPositionLook,1673903258695,20.0,20.0,20,0.2,0.1,false,true,AIR,14.817128446012738,98.0,0.9397124481680194,-1379.421,35.122826,0
PacketPlayInPositionLook,1673903258747,20.0,20.0,20,0.2,0.1,false,true,AIR,13.523433001673197,98.4,0.7659019727175099,-1387.352,33.018692,0
PacketPlayInPositionLook,1673903258795,20.0,20.0,20,0.2,0.1,false,true,AIR,12.893506595840883,98.71360000610352,0.8323989397804985,-1401.0289,30.671776,0
PacketPlayInPositionLook,1673903258847,20.0,20.0,20,0.2,0.1,false,true,AIR,12.33260880499976,98.94252801654054,1.118041636532538,-1421.9894,29.943422,0
PacketPlayInPositionLook,1673903258900,20.0,20.0,20,0.2,0.1,false,true,AIR,12.300000011920925,98.74252801654053,1.6168035541840817,-1447.8864,29.215069,0
PacketPlayInEntityAction,1673903258943,20.0,20.0,20,0.2,0.1,false,true,AIR,0,0,0,0,0,STOP_SPRINTING
PacketPlayInPositionLook,1673903258943,20.0,20.0,20,0.2,0.1,false,true,AIR,12.188251011807086,99.0,2.10075225488293,-1472.0029,28.810429,0
PacketPlayInEntityAction,1673903259003,20.0,20.0,20,0.2,0.1,false,true,AIR,0,0,0,0,0,START_SPRINTING
PacketPlayInPositionLook,1673903259003,20.0,20.0,20,0.2,0.1,false,true,AIR,12.262141802753954,99.0,2.703648824178324,-1491.9922,27.758362,0
PacketPlayInPositionLook,1673903259043,20.0,20.0,20,0.2,0.1,false,true,AIR,12.607150048288034,99.4,3.9625480840064675,-1500.3278,26.382582,0
PacketPlayInPositionLook,1673903259101,20.0,20.0,20,0.2,0.1,false,true,AIR,12.765062645473044,99.71360000610352,4.575975151040058,-1499.4375,25.897013,0
PacketPlayInPosition,1673903259141,20.0,20.0,20,0.2,0.1,false,true,AIR,12.921982085172587,99.94252801654054,5.1855441998137195,0.0,0.0,0
PacketPlayInPosition,1673903259197,20.0,20.0,20,0.2,0.1,false,true,AIR,13.077914613638123,99.74252801654053,5.791279494507652,0.0,0.0,0
PacketPlayInPosition,1673903259243,20.0,20.0,20,0.2,0.1,false,true,AIR,13.232866437836654,99.46812801119995,6.393205146697687,0.0,0.0,0
PacketPlayInPosition,1673903259309,20.0,20.0,20,0.2,0.1,false,true,AIR,13.386843725697787,99.12081599920654,6.99134511631506,0.0,0.0,0
PacketPlayInPosition,1673903259346,20.0,20.0,20,0.2,0.1,false,true,AIR,13.915326105650706,98.70205021930268,7.303440276316927,0.0,0.0,0
PacketPlayInPositionLook,1673903259395,20.0,20.0,20,0.2,0.1,false,true,AIR,13.992228626827734,98.21325974548368,7.479055010543808,-1500.085,25.735157,0
PacketPlayInPositionLook,1673903259447,20.0,20.0,20,0.2,0.1,false,true,AIR,14.084695080590553,98.0,7.650849750413096,-1501.9464,25.330517,0
PacketPlayInPositionLook,1673903259497,20.0,20.0,20,0.2,0.1,false,true,AIR,14.338807383168048,98.0,7.7848953684524655,-1502.1892,25.006804,0
PacketPlayInPosition,1673903259547,20.0,20.0,20,0.2,0.1,false,true,AIR,14.876049879688411,98.0,8.068293699633712,0.0,0.0,0
PacketPlayInPositionLook,1673903259605,20.0,20.0,20,0.2,0.1,false,true,AIR,16.03568111815888,98.4,8.667554449168682,-1502.6748,25.168661,0
PacketPlayInPositionLook,1673903259647,20.0,20.0,20,0.2,0.1,false,true,AIR,16.599244378896206,98.71360000610352,8.956735373933558,-1502.8367,25.492374,0
PacketPlayInPositionLook,1673903259703,20.0,20.0,20,0.2,0.1,false,true,AIR,17.159648422032685,98.94252801654054,9.243345607762926,-1502.9176,25.897015,0
PacketPlayInPositionLook,1673903259747,20.0,20.0,20,0.2,0.1,false,true,AIR,17.716527910345153,98.74252801654053,9.528153260946013,-1502.9176,26.220728,0
PacketPlayInPositionLook,1673903259804,20.0,20.0,20,0.2,0.1,false,true,AIR,18.269905010851957,98.46812801119995,9.811169670471536,-1502.9176,26.706297,0
PacketPlayInPositionLook,1673903259846,20.0,20.0,20,0.2,0.1,false,true,AIR,18.81901768083182,98.12081599920654,10.093933912642237,-1502.7557,27.191866,0
PacketPlayInPositionLook,1673903259896,20.0,20.0,20,0.2,0.1,false,true,AIR,19.36386638331717,98.0,10.376488040953802,-1502.5939,27.353724,0
PacketPlayInPosition,1673903259947,20.0,20.0,20,0.2,0.1,false,true,AIR,19.90307915514672,98.0,10.656119421231995,0.0,0.0,0
PacketPlayInPositionLook,1673903260003,20.0,20.0,20,0.2,0.1,false,true,AIR,20.699999988079075,98.4,11.230677108044203,-1503.8888,27.434652,0
PacketPlayInEntityAction,1673903260047,20.0,20.0,20,0.2,0.1,false,true,AIR,0,0,0,0,0,STOP_SPRINTING
PacketPlayInPositionLook,1673903260047,20.0,20.0,20,0.2,0.1,false,true,AIR,20.699999988079075,98.71360000610352,11.42054038484455,-1508.7444,27.272795,0
PacketPlayInPositionLook,1673903260099,20.0,20.0,20,0.2,0.1,false,true,AIR,20.974436504685883,98.94252801654054,11.505545601407297,-1512.7908,27.353724,0
PacketPlayInEntityAction,1673903260149,20.0,20.0,20,0.2,0.1,false,true,AIR,0,0,0,0,0,START_SPRINTING
PacketPlayInPositionLook,1673903260149,20.0,20.0,20,0.2,0.1,false,true,AIR,21.199999988079075,98.74252801654053,11.580817377859958,-1514.8141,27.353724,0
PacketPlayInEntityAction,1673903260199,20.0,20.0,20,0.2,0.1,false,true,AIR,0,0,0,0,0,STOP_SPRINTING
PacketPlayInPositionLook,1673903260199,20.0,20.0,20,0.2,0.1,false,true,AIR,21.477993981915716,99.0,11.653347544122346,-1515.3806,27.434652,0
PacketPlayInEntityAction,1673903260247,20.0,20.0,20,0.2,0.1,false,true,AIR,0,0,0,0,0,START_SPRINTING
PacketPlayInPosition,1673903260247,20.0,20.0,20,0.2,0.1,false,true,AIR,22.065726987171995,99.0,11.806690326823546,0.0,0.0,0
PacketPlayInPosition,1673903260300,20.0,20.0,20,0.2,0.1,false,true,AIR,23.328765215467737,99.4,12.136223966848425,0.0,0.0,0
PacketPlayInPositionLook,1673903260347,20.0,20.0,20,0.2,0.1,false,true,AIR,23.94429950504012,99.71360000610352,12.285711932327885,-1516.3518,27.839293,0
PacketPlayInPositionLook,1673903260399,20.0,20.0,20,0.2,0.1,false,true,AIR,24.5593469329137,99.94252801654054,12.419557842888315,-1517.7277,28.00115,0
PacketPlayInPositionLook,1673903260447,20.0,20.0,20,0.2,0.1,false,true,AIR,25.172518093291306,99.74252801654053,12.54305372881172,-1518.6179,28.243937,0
PacketPlayInPositionLook,1673903260499,20.0,20.0,20,0.2,0.1,false,true,AIR,25.783026153974422,99.46812801119995,12.659691507818042,-1519.1844,28.810434,0
PacketPlayInPositionLook,1673903260547,20.0,20.0,20,0.2,0.1,false,true,AIR,26.39186519679177,99.12081599920654,12.763592196058562,-1520.3175,30.024357,0
PacketPlayInKeepAlive,1673903260575,20.0,20.0,20,0.2,0.1,false,true,AIR,0,0,0,0,0,0
PacketPlayInPositionLook,1673903260599,20.0,20.0,20,0.2,0.1,false,true,AIR,26.699999988079075,98.70205021930268,12.845433905764194,-1522.3408,31.238277,0
PacketPlayInEntityAction,1673903260647,20.0,20.0,20,0.2,0.1,false,true,AIR,0,0,0,0,0,STOP_SPRINTING
PacketPlayInPositionLook,1673903260647,20.0,20.0,20,0.2,0.1,false,true,AIR,26.699999988079075,98.21325974548368,12.901135260109546,-1526.2253,32.452198,0
PacketPlayInPositionLook,1673903260701,20.0,20.0,20,0.2,0.1,false,true,AIR,26.699999988079075,97.65584507029224,12.951676923525588,-1530.4335,32.856842,0
PacketPlayInPositionLook,1673903260747,20.0,20.0,20,0.2,0.1,false,true,AIR,26.699999988079075,97.03117867644693,12.996830126112206,-1532.4568,32.452198,0
PacketPlayInPositionLook,1673903260794,20.0,20.0,20,0.2,0.1,false,true,AIR,26.699999988079075,96.34060559703806,13.036942800569115,-1532.8615,32.20941,0
PacketPlayInPosition,1673903260847,20.0,20.0,20,0.2,0.1,false,true,AIR,26.71957563608885,95.58544396451987,13.072468594295795,0.0,0.0,0
PacketPlayInEntityAction,1673903260895,20.0,20.0,20,0.2,0.1,false,true,AIR,0,0,0,0,0,START_SPRINTING
PacketPlayInPosition,1673903260895,20.0,20.0,20,0.2,0.1,false,true,AIR,26.75696512430092,94.76698554872259,13.103820326437672,0.0,0.0,0
PacketPlayInPosition,1673903260947,20.0,20.0,20,0.2,0.1,false,true,AIR,26.816437900477073,93.88649628410452,13.131080640289841,0.0,0.0,0
PacketPlayInPositionLook,1673903260995,20.0,20.0,20,0.2,0.1,false,true,AIR,26.896021836102182,92.94521678645894,13.15497653242092,-1532.0521,31.238274,0
PacketPlayInPositionLook,1673903261047,20.0,20.0,20,0.2,0.1,false,true,AIR,26.99379274348034,91.94436285928691,13.17929705477544,-1524.2021,26.220728,0
PacketPlayInPositionLook,1673903261105,20.0,20.0,20,0.2,0.1,false,true,AIR,27.106638293825203,90.88512599004267,13.210331621363599,-1509.5541,16.833061,0
PacketPlayInPositionLook,1673903261147,20.0,20.0,20,0.2,0.1,false,true,AIR,27.23110061652981,89.76867383645408,13.251808355269016,-1498.7097,8.335603,0
PacketPlayInAbilities,1673903261199,20.0,20.0,20,0.2,0.1,false,true,AIR,0,0,0,0,0,0
PacketPlayInPositionLook,1673903261199,20.0,20.0,20,0.2,0.1,false,true,AIR,27.417031308914737,88.74615070907723,13.355302283929287,-1487.8654,3.237128,0
PacketPlayInPositionLook,1673903261247,20.0,20.0,20,0.2,0.1,true,true,AIR,27.346101470555382,88.28263683861158,13.63370890765637,-1470.7085,1.5376363,0
PacketPlayInPositionLook,1673903261296,20.0,20.0,20,0.2,0.1,true,true,AIR,27.134917591948824,88.15452852229265,13.828497666381297,-1437.6898,2.1041336,0
PacketPlayInPositionLook,1673903261346,20.0,20.0,20,0.2,0.1,true,true,AIR,26.848700745411232,88.22766353846175,13.85342165224999,-1399.9773,2.0232055,0
PacketPlayInPositionLook,1673903261399,20.0,20.0,20,0.2,0.1,true,true,AIR,26.58397116888316,88.42154455412368,13.741799358962474,-1372.138,-0.32371154,0
PacketPlayInPositionLook,1673903261441,20.0,20.0,20,0.2,0.1,true,true,AIR,26.351952511830643,88.6878731694813,13.572363141702114,-1358.8657,-3.318054,0
PacketPlayInPositionLook,1673903261497,20.0,20.0,20,0.2,0.1,true,true,AIR,26.119933854778125,88.99767034465634,13.402926924441754,-1358.8657,-5.2603297,0
PacketPlayInPositionLook,1673903261541,20.0,20.0,20,0.2,0.1,true,true,AIR,25.884835731400564,89.33354865572183,13.237790116791427,-1359.9178,-5.5840425,0
PacketPlayInPosition,1673903261597,20.0,20.0,20,0.2,0.1,true,true,AIR,25.649737608023003,89.68507564832159,13.0726533091411,0.0,0.0,0
PacketPlayInPosition,1673903261641,20.0,20.0,20,0.2,0.1,true,true,AIR,25.41463948464544,90.04599184984191,12.907516501490772,0.0,0.0,0
PacketPlayInPosition,1673903261703,20.0,20.0,20,0.2,0.1,true,true,AIR,25.17954136126788,90.41254157671457,12.742379693840444,0.0,0.0,0
PacketPlayInEntityAction,1673903261746,20.0,20.0,20,0.2,0.1,true,true,AIR,0,0,0,0,0,STOP_SPRINTING
PacketPlayInPosition,1673903261746,20.0,20.0,20,0.2,0.1,true,true,AIR,25.131060641222287,90.78247141879864,12.465031037753832,0.0,0.0,0
PacketPlayInPosition,1673903261796,20.0,20.0,20,0.2,0.1,true,true,AIR,25.082579921176695,91.15442933000953,12.18768238166722,0.0,0.0,0
PacketPlayInPositionLook,1673903261847,20.0,20.0,20,0.2,0.1,true,true,AIR,25.034870511058646,91.52760408269654,11.910200007190399,-1359.756,-5.5840425,0
PacketPlayInPositionLook,1673903261899,20.0,20.0,20,0.2,0.1,true,true,AIR,25.006467597652918,91.90150894026921,11.63008229967045,-1355.7906,-4.8556886,0
PacketPlayInPositionLook,1673903261947,20.0,20.0,20,0.2,0.1,true,true,AIR,25.198568217171676,92.27585186077327,11.416450280526153,-1353.0391,-4.2891917,0
PacketPlayInPositionLook,1673903261999,20.0,20.0,20,0.2,0.1,true,true,AIR,25.39217963815475,92.65045761903617,11.204186519220343,-1352.6344,-4.2082634,0
PacketPlayInPositionLook,1673903262047,20.0,20.0,20,0.2,0.1,true,true,AIR,25.586096113456733,93.02522107995438,10.992201406386366,-1352.5535,-4.127335,0
PacketPlayInPositionLook,1673903262099,20.0,20.0,20,0.2,0.1,true,true,AIR,25.78149147031451,93.40007916246577,10.781578660592308,-1352.1488,-3.3989816,0
PacketPlayInPositionLook,1673903262147,20.0,20.0,20,0.2,0.1,true,true,AIR,25.770939423930805,93.77499401793307,10.500222463679934,-1352.1488,-2.670628,0
PacketPlayInPositionLook,1673903262198,20.0,20.0,20,0.2,0.1,true,true,AIR,25.760009741197575,94.1499429371739,10.218880682442409,-1352.2297,-1.8613465,0
PacketPlayInPositionLook,1673903262247,20.0,20.0,20,0.2,0.1,true,true,AIR,25.747084326594248,94.52491229467887,9.937623515678204,-1352.6344,-0.56649566,0
PacketPlayInEntityAction,1673903262299,20.0,20.0,20,0.2,0.1,true,true,AIR,0,0,0,0,0,START_SPRINTING
PacketPlayInPositionLook,1673903262299,20.0,20.0,20,0.2,0.1,true,true,AIR,25.532643846719637,94.89989391514231,9.746425798035421,-1353.2819,1.3757806,0
PacketPlayInPositionLook,1673903262347,20.0,20.0,20,0.2,0.1,true,true,AIR,25.316852284794226,95.27488289338085,9.556754259581126,-1353.6865,3.398985,0
PacketPlayInPositionLook,1673903262399,20.0,20.0,20,0.2,0.1,true,true,AIR,25.09999130318679,95.64987628628444,9.368306380409754,-1354.0103,4.93662,0
PacketPlayInPositionLook,1673903262447,20.0,20.0,20,0.2,0.1,true,true,AIR,24.8820857665471,96.02487232798705,9.181067313653982,-1354.334,5.907758,0
PacketPlayInPositionLook,1673903262503,20.0,20.0,20,0.2,0.1,true,true,AIR,24.662857334642784,96.39986995896909,8.995378896874941,-1354.7386,7.0407524,0
PacketPlayInPositionLook,1673903262547,20.0,20.0,20,0.2,0.1,true,true,AIR,24.442052463393583,96.77486854351878,8.811567846775807,-1355.2242,8.173747,0
PacketPlayInPositionLook,1673903262599,20.0,20.0,20,0.2,0.1,true,true,AIR,24.21893915257968,97.14986770020906,8.630565799999989,-1355.9526,9.144885,0
PacketPlayInKeepAlive,1673903262631,20.0,20.0,20,0.2,0.1,true,true,AIR,0,0,0,0,0,0
PacketPlayInPositionLook,1673903262647,20.0,20.0,20,0.2,0.1,true,true,AIR,23.991047873269693,97.52486720018369,8.455617661840476,-1357.4904,11.249018,0
PacketPlayInPositionLook,1673903262696,20.0,20.0,20,0.2,0.1,true,true,AIR,23.757351348965543,97.89986690612893,8.2885032583125,-1359.4327,13.838718,0
PacketPlayInPositionLook,1673903262746,20.0,20.0,20,0.2,0.1,true,true,AIR,23.519716860067028,98.27486673565654,8.127037668252743,-1360.8086,16.185635,0
PacketPlayInPositionLook,1673903262797,20.0,20.0,20,0.2,0.1,true,true,AIR,23.27937669656195,98.64986663933358,7.969627704638995,-1361.7798,18.532553,0
PacketPlayInPositionLook,1673903262841,20.0,20.0,20,0.2,0.1,true,true,AIR,23.037925826411623,98.8748665815398,7.813926826084412,-1362.1844,20.798542,0
PacketPlayInPositionLook,1673903262897,20.0,20.0,20,0.2,0.1,true,true,AIR,22.796474956261296,99.00986654686353,7.65822594752983,-1362.1844,22.498035,0
PacketPlayInPositionLook,1673903262947,20.0,20.0,20,0.2,0.1,true,true,AIR,22.555908664863487,99.24086653201823,7.501161777216948,-1361.8607,24.1166,0
PacketPlayInPositionLook,1673903263003,20.0,20.0,20,0.2,0.1,true,true,AIR,22.31556850135841,99.52946652907151,7.3437518136032,-1361.7798,24.92588,0
PacketPlayInPositionLook,1673903263043,20.0,20.0,20,0.2,0.1,true,true,AIR,22.075228337853332,99.70262652730348,7.186341849989452,-1361.7798,25.168665,0
PacketPlayInPosition,1673903263097,20.0,20.0,20,0.2,0.1,true,true,AIR,21.834888174348254,99.80652252624266,7.0289318863757035,0.0,0.0,0
PacketPlayInAbilities,1673903263147,20.0,20.0,20,0.2,0.1,true,true,AIR,0,0,0,0,0,0
PacketPlayInPosition,1673903263147,20.0,20.0,20,0.2,0.1,true,true,AIR,21.594548010843177,99.86886012560618,6.871521922761955,0.0,0.0,0
PacketPlayInPosition,1673903263194,20.0,20.0,20,0.2,0.1,false,true,AIR,21.3542078473381,99.85155097264553,6.714111959148207,0.0,0.0,0
PacketPlayInPosition,1673903263247,20.0,20.0,20,0.2,0.1,false,true,AIR,21.11386768383302,99.75618800088807,6.556701995534459,0.0,0.0,0
PacketPlayInPosition,1673903263297,20.0,20.0,20,0.2,0.1,false,true,AIR,20.873527520327944,99.58433228522098,6.3992920319207105,0.0,0.0,0
PacketPlayInPosition,1673903263345,20.0,20.0,20,0.2,0.1,false,true,AIR,20.633187356822866,99.33751367906346,6.241882068306962,0.0,0.0,0
PacketPlayInPositionLook,1673903263399,20.0,20.0,20,0.2,0.1,false,true,AIR,20.395320900606293,99.01723143879553,6.0807583843059945,-1360.8895,25.41145,0
PacketPlayInPositionLook,1673903263447,20.0,20.0,20,0.2,0.1,false,true,AIR,20.164739992266078,98.62495483569818,5.909370703024427,-1358.3806,25.249592,0
PacketPlayInPositionLook,1673903263497,20.0,20.0,20,0.2,0.1,false,true,AIR,19.690154721608288,98.1621237556548,5.54483986759468,-1354.5771,24.602167,0
PacketPlayInPositionLook,1673903263547,20.0,20.0,20,0.2,0.1,false,true,AIR,19.240170775886913,98.0,5.194462592888376,-1349.155,23.711958,0
PacketPlayInPositionLook,1673903263603,20.0,20.0,20,0.2,0.1,false,true,AIR,18.89502988902886,98.0,4.744963724433131,-1342.5189,22.983604,0
PacketPlayInPositionLook,1673903263647,20.0,20.0,20,0.2,0.1,false,true,AIR,18.564332423732335,98.0,4.235470535984666,-1337.987,22.659891,0
PacketPlayInPositionLook,1673903263698,20.0,20.0,20,0.2,0.1,false,true,AIR,17.884910456428248,98.4,3.1209105463263804,-1336.3684,22.417107,0
PacketPlayInPosition,1673903263745,20.0,20.0,20,0.2,0.1,false,true,AIR,17.55521032469739,98.71360000610352,2.5800528862916545,0.0,0.0,0
PacketPlayInPosition,1673903263799,20.0,20.0,20,0.2,0.1,false,true,AIR,17.227583768712016,98.94252801654054,2.0425968303743343,0.0,0.0,0
PacketPlayInPosition,1673903263841,20.0,20.0,20,0.2,0.1,false,true,AIR,16.90201774717805,98.74252801654053,1.5085209849408887,0.0,0.0,0
PacketPlayInPosition,1673903263897,20.0,20.0,20,0.2,0.1,false,true,AIR,16.57849930082175,98.46812801119995,0.9778040909082915,0.0,0.0,0
PacketPlayInPosition,1673903263947,20.0,20.0,20,0.2,0.1,false,true,AIR,16.257015551873845,98.12081599920654,0.4504250228977981,0.0,0.0,0
PacketPlayInPosition,1673903264001,20.0,20.0,20,0.2,0.1,false,true,AIR,15.93755370355693,98.0,-0.07363721160595843,0.0,0.0,0
PacketPlayInPosition,1673903264041,20.0,20.0,20,0.2,0.1,false,true,AIR,15.621396436314448,98.0,-0.5922784352719825,0.0,0.0,0
PacketPlayInPositionLook,1673903264097,20.0,20.0,20,0.2,0.1,false,true,AIR,14.94357806837661,98.4,-1.7078143090140516,-1336.2875,22.578962,0
PacketPlayInPositionLook,1673903264142,20.0,20.0,20,0.2,0.1,false,true,AIR,14.616942609119448,98.71360000610352,-2.250528259884266,-1336.0447,23.064531,0
PacketPlayInPosition,1673903264193,20.0,20.0,20,0.2,0.1,false,true,AIR,14.29236145266795,98.94252801654054,-2.7898289291882983,0.0,0.0,0
PacketPlayInPositionLook,1673903264247,20.0,20.0,20,0.2,0.1,false,true,AIR,13.969821678930622,98.74252801654053,-3.3257377840195046,-1336.0447,23.307316,0
PacketPlayInPositionLook,1673903264301,20.0,20.0,20,0.2,0.1,false,true,AIR,13.642546172571784,98.46812801119995,-3.8541460522713673,-1336.7731,24.602167,0
PacketPlayInPositionLook,1673903264347,20.0,20.0,20,0.2,0.1,false,true,AIR,13.276189270636696,98.12081599920654,-4.3514015487639615,-1341.386,27.272797,0
PacketPlayInPositionLook,1673903264403,20.0,20.0,20,0.2,0.1,false,true,AIR,12.84369839489261,98.0,-4.786888221363727,-1349.8026,30.26714,0
PacketPlayInPositionLook,1673903264447,20.0,20.0,20,0.2,0.1,false,true,AIR,12.364528424455798,98.0,-5.160171307921049,-1357.0862,32.209415,0
PacketPlayInPositionLook,1673903264499,20.0,20.0,20,0.2,0.1,false,true,AIR,11.300000011920925,98.5,-5.82844650517017,-1364.2079,32.93777,0
PacketPlayInEntityAction,1673903264543,20.0,20.0,20,0.2,0.1,false,true,AIR,0,0,0,0,0,STOP_SPRINTING
PacketPlayInPositionLook,1673903264543,20.0,20.0,20,0.2,0.1,false,true,AIR,10.718583023781154,99.0,-6.034847423658935,-1375.4569,31.885704,0
PacketPlayInEntityAction,1673903264599,20.0,20.0,20,0.2,0.1,false,true,AIR,0,0,0,0,0,START_SPRINTING
PacketPlayInPositionLook,1673903264599,20.0,20.0,20,0.2,0.1,false,true,AIR,10.106402945702285,99.0,-6.068158624165179,-1391.8854,30.509926,0
PacketPlayInPositionLook,1673903264641,20.0,20.0,20,0.2,0.1,false,true,AIR,9.52130966983987,99.41999998688698,-5.9050330359004874,-1410.5797,30.590855,0
PacketPlayInKeepAlive,1673903264671,20.0,20.0,20,0.2,0.1,false,true,AIR,0,0,0,0,0,0
PacketPlayInPositionLook,1673903264699,20.0,20.0,20,0.2,0.1,false,true,AIR,9.300000011920925,99.7531999805212,-5.545496621107234,-1431.2974,30.752712,0
PacketPlayInEntityAction,1673903264741,20.0,20.0,20,0.2,0.1,false,true,AIR,0,0,0,0,0,STOP_SPRINTING
PacketPlayInPositionLook,1673903264743,20.0,20.0,20,0.2,0.1,false,true,AIR,8.938307991903422,100.00133597911214,-5.057518139567627,-1448.4541,29.862503,0
PacketPlayInEntityAction,1673903264799,20.0,20.0,20,0.2,0.1,false,true,AIR,0,0,0,0,0,START_SPRINTING
PacketPlayInPositionLook,1673903264799,20.0,20.0,20,0.2,0.1,false,true,AIR,8.651156594175918,100.16610926093821,-4.522272238897229,-1456.7897,29.296005,0
PacketPlayInPositionLook,1673903264841,20.0,20.0,20,0.2,0.1,false,true,AIR,8.379256248227275,100.24918707874468,-3.979120038783229,-1458.4083,29.05322,0
PacketPlayInPosition,1673903264899,20.0,20.0,20,0.2,0.1,false,true,AIR,8.107355902278632,100.25220334025373,-3.43596783866923,0.0,0.0,0
PacketPlayInPosition,1673903264943,20.0,20.0,20,0.2,0.1,false,true,AIR,7.83545555632999,100.17675927506424,-2.8928156385552297,0.0,0.0,0
PacketPlayInPosition,1673903265003,20.0,20.0,20,0.2,0.1,false,true,AIR,7.563555210381347,100.02442408821369,-2.3496634384412305,0.0,0.0,0
PacketPlayInPositionLook,1673903265043,20.0,20.0,20,0.2,0.1,false,true,AIR,7.302434447339731,100.0,-1.8012474922144666,-1459.5413,29.215076,0
PacketPlayInPositionLook,1673903265099,20.0,20.0,20,0.2,0.1,false,true,AIR,6.9640691847317076,100.4,-0.5405464685648903,-1469.981,31.23828,0
PacketPlayInPositionLook,1673903265141,20.0,20.0,20,0.2,0.1,false,true,AIR,6.977853581574534,100.71360000610352,0.09273004620354741,-1486.2476,32.775913,0
PacketPlayInPositionLook,1673903265197,20.0,20.0,20,0.2,0.1,false,true,AIR,7.147652447143331,100.94252801654054,0.6988376727651847,-1500.6528,31.56199,0
PacketPlayInPositionLook,1673903265243,20.0,20.0,20,0.2,0.1,false,true,AIR,7.412367733178983,100.74252801654053,1.2655439158859636,-1510.0405,30.833637,0
PacketPlayInPositionLook,1673903265297,20.0,20.0,20,0.2,0.1,false,true,AIR,7.7152484764934055,100.46812801119995,1.8083032948043836,-1514.1678,30.590853,0
PacketPlayInPositionLook,1673903265347,20.0,20.0,20,0.2,0.1,false,true,AIR,8.021535577002433,100.12081599920654,2.344650716416908,-1514.7344,30.590853,0
PacketPlayInPosition,1673903265397,20.0,20.0,20,0.2,0.1,false,true,AIR,8.325896344678272,100.0,2.8776248857882134,0.0,0.0,0
PacketPlayInPositionLook,1673903265447,20.0,20.0,20,0.2,0.1,false,true,AIR,8.64483356064672,100.0,3.3945612118120603,-1516.6768,31.15735,0
PacketPlayInPositionLook,1673903265501,20.0,20.0,20,0.2,0.1,false,true,AIR,9.40236974657743,100.4,4.457574324165991,-1520.4802,31.076422,0
PacketPlayInPositionLook,1673903265547,20.0,20.0,20,0.2,0.1,false,true,AIR,9.798551491268563,100.71360000610352,4.95181026215164,-1523.7174,30.752708,0
PacketPlayInPositionLook,1673903265597,20.0,20.0,20,0.2,0.1,false,true,AIR,10.212011902841224,100.94252801654054,5.426413882691678,-1526.0645,30.509922,0
PacketPlayInPositionLook,1673903265641,20.0,20.0,20,0.2,0.1,false,true,AIR,10.635382835712274,100.74252801654053,5.886834559165377,-1527.6022,30.428993,0
PacketPlayInPositionLook,1673903265695,20.0,20.0,20,0.2,0.1,false,true,AIR,11.06189069196301,100.46812801119995,6.338957935932992,-1528.3306,30.428993,0
PacketPlayInPosition,1673903265747,20.0,20.0,20,0.2,0.1,false,true,AIR,11.679269348143968,100.12081599920654,6.356956924873863,0.0,0.0,0
PacketPlayInPositionLook,1673903265799,20.0,20.0,20,0.2,0.1,false,true,AIR,12.290465724705061,99.70205021930268,6.412956466807027,-1524.7698,32.614056,0
PacketPlayInPositionLook,1673903265847,20.0,20.0,20,0.2,0.1,false,true,AIR,12.442497346255593,99.21325974548368,6.556541061845394,-1516.596,34.63726,0
PacketPlayInPositionLook,1673903265899,20.0,20.0,20,0.2,0.1,false,true,AIR,12.604391245765196,98.65584507029224,6.696942534527907,-1507.5319,35.44654,0
PacketPlayInPositionLook,1673903265943,20.0,20.0,20,0.2,0.1,false,true,AIR,12.774335128780965,98.03117867644693,6.836435898736077,-1502.5952,35.851185,0
PacketPlayInPositionLook,1673903266001,20.0,20.0,20,0.2,0.1,false,true,AIR,12.951553687764084,98.0,6.975200365742664,-1502.3524,35.932114,0
PacketPlayInPositionLook,1673903266041,20.0,20.0,20,0.2,0.1,false,true,AIR,13.211116503090537,98.0,7.098360550063472,-1504.6184,35.20376,0
PacketPlayInPositionLook,1673903266098,20.0,20.0,20,0.2,0.1,false,true,AIR,13.78084799626078,98.0,7.308955269828905,-1509.7168,33.90891,0
PacketPlayInPositionLook,1673903266141,20.0,20.0,20,0.2,0.1,false,true,AIR,15.044358878292387,98.4,7.636672207840205,-1515.4626,33.180553,0
PacketPlayInPositionLook,1673903266203,20.0,20.0,20,0.2,0.1,false,true,AIR,15.666860487363977,98.71360000610352,7.75380837385839,-1519.347,32.937767,0
PacketPlayInPositionLook,1673903266241,20.0,20.0,20,0.2,0.1,false,true,AIR,16.28777423782233,98.94252801654054,7.857076005419768,-1520.561,32.85684,0
PacketPlayInPositionLook,1673903266303,20.0,20.0,20,0.2,0.1,false,true,AIR,16.903114691674297,98.74252801654053,7.969264499495827,-1519.6708,33.26148,0
PacketPlayInPositionLook,1673903266347,20.0,20.0,20,0.2,0.1,false,true,AIR,17.488511910956017,98.46812801119995,8.178153366281439,-1510.3641,35.44654,0
PacketPlayInPositionLook,1673903266399,20.0,20.0,20,0.2,0.1,false,true,AIR,18.032326758138048,98.12081599920654,8.470977055622715,-1501.7047,35.203754,0
PacketPlayInPositionLook,1673903266447,20.0,20.0,20,0.2,0.1,false,true,AIR,18.533514015682577,98.0,8.825248430812602,-1494.7449,35.365612,0
PacketPlayInPositionLook,1673903266499,20.0,20.0,20,0.2,0.1,false,true,AIR,19.020937086746112,98.0,9.187688576902561,-1493.369,35.203754,0
PacketPlayInPositionLook,1673903266546,20.0,20.0,20,0.2,0.1,false,true,AIR,20.07390877746079,98.4,9.959121405092432,-1493.7737,34.960968,0
PacketPlayInPositionLook,1673903266598,20.0,20.0,20,0.2,0.1,false,true,AIR,20.5895762481167,98.71360000610352,10.32697492681665,-1494.5021,34.637253,0
PacketPlayInPositionLook,1673903266647,20.0,20.0,20,0.2,0.1,false,true,AIR,20.699999988079075,98.94252801654054,10.678629011170509,-1496.0398,34.23261,0
PacketPlayInEntityAction,1673903266703,20.0,20.0,20,0.2,0.1,false,true,AIR,0,0,0,0,0,STOP_SPRINTING
PacketPlayInPositionLook,1673903266703,20.0,20.0,20,0.2,0.1,false,true,AIR,21.012171612509146,99.08847746960939,10.870199845729918,-1498.4678,34.07075,0
PacketPlayInKeepAlive,1673903266729,20.0,20.0,20,0.2,0.1,false,true,AIR,0,0,0,0,0,0
PacketPlayInEntityAction,1673903266747,20.0,20.0,20,0.2,0.1,false,true,AIR,0,0,0,0,0,START_SPRINTING
PacketPlayInPositionLook,1673903266747,20.0,20.0,20,0.2,0.1,false,true,AIR,21.332397725817028,99.15310793487474,11.04318431797827,-1501.624,33.989822,0
PacketPlayInPositionLook,1673903266803,20.0,20.0,20,0.2,0.1,false,true,AIR,21.66360235450595,99.13804579054164,11.18848007664929,-1506.3177,33.666107,0
PacketPlayInPositionLook,1673903266847,20.0,20.0,20,0.2,0.1,false,true,AIR,22.005842289375824,99.04488488728204,11.298202383936156,-1512.2255,33.261463,0
PacketPlayInPositionLook,1673903266893,20.0,20.0,20,0.2,0.1,false,true,AIR,22.3537076611922,99.0,11.379055380489008,-1516.9192,32.937748,0
PacketPlayInPositionLook,1673903266947,20.0,20.0,20,0.2,0.1,false,true,AIR,22.9514211113959,99.0,11.487142210833904,-1519.7517,32.85682,0
PacketPlayInPositionLook,1673903266999,20.0,20.0,20,0.2,0.1,false,true,AIR,24.240243981987927,99.4,11.69400855196004,-1520.8848,32.937748,0
PacketPlayInPosition,1673903267049,20.0,20.0,20,0.2,0.1,false,true,AIR,24.865665415878034,99.71360000610352,11.794393675969578,0.0,0.0,0
PacketPlayInPosition,1673903267097,20.0,20.0,20,0.2,0.1,false,true,AIR,25.487153381364926,99.94252801654054,11.894147446955301,0.0,0.0,0
PacketPlayInPositionLook,1673903267147,20.0,20.0,20,0.2,0.1,false,true,AIR,26.104874548859147,99.74252801654053,11.992385588729382,-1520.9657,33.018677,0
PacketPlayInPositionLook,1673903267195,20.0,20.0,20,0.2,0.1,false,true,AIR,26.71989690939646,99.46812801119995,12.082229966155747,-1521.6941,33.989815,0
PacketPlayInPositionLook,1673903267249,20.0,20.0,20,0.2,0.1,false,true,AIR,27.332256468633986,99.12081599920654,12.162828719079757,-1522.5034,34.880024,0
PacketPlayInPositionLook,1673903267305,20.0,20.0,20,0.2,0.1,false,true,AIR,27.941729558345237,99.0,12.235213477578023,-1523.2318,35.365597,0
PacketPlayInPositionLook,1673903267349,20.0,20.0,20,0.2,0.1,false,true,AIR,28.54500058892438,99.0,12.305981985323804,-1523.3127,35.365597,0
PacketPlayInPosition,1673903267403,20.0,20.0,20,0.2,0.1,false,true,AIR,29.84143003363896,99.4,12.458063508469486,0.0,0.0,0
PacketPlayInPositionLook,1673903267441,20.0,20.0,20,0.2,0.1,false,true,AIR,30.471149480012336,99.71360000610352,12.526492753215441,-1523.7983,35.446526,0
PacketPlayInPositionLook,1673903267505,20.0,20.0,20,0.2,0.1,false,true,AIR,31.09843389358194,99.94252801654054,12.578573006789664,-1525.2551,35.608383,0
PacketPlayInPositionLook,1673903267548,20.0,20.0,20,0.2,0.1,false,true,AIR,31.72244056336798,99.74252801654053,12.62153586286531,-1526.0645,35.77024,0
PacketPlayInPositionLook,1673903267603,20.0,20.0,20,0.2,0.1,false,true,AIR,32.34252265862406,100.0,12.66422851200431,-1526.0645,35.85117,0
PacketPlayInPositionLook,1673903267643,20.0,20.0,20,0.2,0.1,false,true,AIR,32.948377446718055,100.0,12.707634410022166,-1525.9026,36.498596,0
PacketPlayInPositionLook,1673903267699,20.0,20.0,20,0.2,0.1,false,true,AIR,34.24664063232163,100.4,12.843172964884035,-1524.0411,39.49294,0
PacketPlayInPositionLook,1673903267743,20.0,20.0,20,0.2,0.1,false,true,AIR,34.87392255530075,100.71360000610352,12.931187231101893,-1522.0178,40.787792,0
PacketPlayInPositionLook,1673903267799,20.0,20.0,20,0.2,0.1,false,true,AIR,35.49008966813827,100.94252801654054,13.059780279505876,-1518.2144,40.625935,0
PacketPlayInPositionLook,1673903267849,20.0,20.0,20,0.2,0.1,false,true,AIR,36.08808060896192,100.74252801654053,13.243184141596663,-1512.9541,39.735725,0
PacketPlayInPositionLook,1673903267899,20.0,20.0,20,0.2,0.1,false,true,AIR,36.66142461699151,100.46812801119995,13.48318651302632,-1507.2892,39.169228,0
PacketPlayInPositionLook,1673903267941,20.0,20.0,20,0.2,0.1,false,true,AIR,37.21640480920486,100.12081599920654,13.699999988079078,-1503.9711,39.735725,0
PacketPlayInEntityAction,1673903268001,20.0,20.0,20,0.2,0.1,false,true,AIR,0,0,0,0,0,STOP_SPRINTING
PacketPlayInPositionLook,1673903268001,20.0,20.0,20,0.2,0.1,false,true,AIR,37.72451184259472,99.70205021930268,13.699999988079078,-1499.1155,41.35429,0
PacketPlayInPositionLook,1673903268046,20.0,20.0,20,0.2,0.1,false,true,AIR,37.93645049203022,99.21325974548368,13.699999988079078,-1492.3175,41.83986,0
PacketPlayInPositionLook,1673903268109,20.0,20.0,20,0.2,0.1,false,true,AIR,38.14235703750094,98.65584507029224,13.699999988079078,-1481.716,40.059437,0
PacketPlayInPositionLook,1673903268147,20.0,20.0,20,0.2,0.1,false,true,AIR,38.34014163849638,98.03117867644693,13.699999988079078,-1472.0854,37.63159,0
PacketPlayInPositionLook,1673903268201,20.0,20.0,20,0.2,0.1,false,true,AIR,38.52926541985771,97.34060559703806,13.717338507995017,-1467.7963,36.093956,0
PacketPlayInEntityAction,1673903268249,20.0,20.0,20,0.2,0.1,false,true,AIR,0,0,0,0,0,START_SPRINTING
PacketPlayInPositionLook,1673903268249,20.0,20.0,20,0.2,0.1,false,true,AIR,38.71053111956277,96.58544396451987,13.750442799207066,-1467.8772,36.013027,0
PacketPlayInPositionLook,1673903268303,20.0,20.0,20,0.2,0.1,false,true,AIR,38.887522097481224,95.76698554872259,13.803024069784383,-1468.2009,36.013027,0
PacketPlayInPositionLook,1673903268349,20.0,20.0,20,0.2,0.1,false,true,AIR,39.060623078461745,94.88649628410452,13.8733293920949,-1468.2009,32.047546,0
PacketPlayInPositionLook,1673903268399,20.0,20.0,20,0.2,0.1,false,true,AIR,39.22989901257479,93.94521678645894,13.959914159554872,-1467.4725,21.68874,0
PacketPlayInPositionLook,1673903268445,20.0,20.0,20,0.2,0.1,false,true,AIR,39.3950831159909,92.94436285928691,14.061620573878578,-1465.9348,12.867569,0
PacketPlayInPositionLook,1673903268502,20.0,20.0,20,0.2,0.1,false,true,AIR,39.555396893527615,91.88512599004267,14.177610680749863,-1463.1022,5.6649613,0
PacketPlayInAbilities,1673903268543,20.0,20.0,20,0.2,0.1,false,true,AIR,0,0,0,0,0,0
PacketPlayInPositionLook,1673903268543,20.0,20.0,20,0.2,0.1,false,true,AIR,39.736779959134665,90.91867384241455,14.374506775189039,-1461.2407,1.8613371,0
PacketPlayInPositionLook,1673903268599,20.0,20.0,20,0.2,0.1,true,true,AIR,39.842742898876864,90.48880255979815,14.641551983535882,-1461.6454,1.1329836,0
PacketPlayInPositionLook,1673903268649,20.0,20.0,20,0.2,0.1,true,true,AIR,40.11320208186051,90.38087979618876,14.73847009868383,-1465.2871,1.5376244,0
PacketPlayInPositionLook,1673903268701,20.0,20.0,20,0.2,0.1,true,true,AIR,40.39219722033879,90.4661261439836,14.80704855372816,-1471.1948,2.6706188,0
PacketPlayInPositionLook,1673903268747,20.0,20.0,20,0.2,0.1,true,true,AIR,40.67447050259848,90.66727395862097,14.860556325352785,-1474.2701,3.3989723,0
PacketPlayInKeepAlive,1673903268769,20.0,20.0,20,0.2,0.1,true,true,AIR,0,0,0,0,0,0
PacketPlayInPositionLook,1673903268801,20.0,20.0,20,0.2,0.1,true,true,AIR,40.957474586369,90.93796265336385,14.910053576239047,-1475.0795,3.156188,0
PacketPlayInPositionLook,1673903268843,20.0,20.0,20,0.2,0.1,true,true,AIR,41.24074952700278,91.25037587617005,14.957976378493605,-1475.4032,3.07526,0
PacketPlayInPositionLook,1673903268897,20.0,20.0,20,0.2,0.1,true,true,AIR,41.523890143729645,91.58782381581423,15.006686591292022,-1475.2413,3.560829,0
PacketPlayInPositionLook,1673903268940,20.0,20.0,20,0.2,0.1,true,true,AIR,41.80696041336199,91.94029258556121,15.055803941324948,-1475.1604,3.8036134,0
PacketPlayInPosition,1673903268997,20.0,20.0,20,0.2,0.1,true,true,AIR,41.972390099872555,92.30177385336985,15.29069605799675,0.0,0.0,0
PacketPlayInPosition,1673903269041,20.0,20.0,20,0.2,0.1,true,true,AIR,42.13781978638312,92.66866262001551,15.52558817466855,0.0,0.0,0
PacketPlayInPosition,1673903269099,20.0,20.0,20,0.2,0.1,true,true,AIR,42.30324947289368,93.03879588596337,15.76048029134035,0.0,0.0,0
PacketPlayInPositionLook,1673903269141,20.0,20.0,20,0.2,0.1,true,true,AIR,42.47880874715587,93.41087585149255,15.98790111161232,-1477.6692,5.3412485,0
PacketPlayInPositionLook,1673903269201,20.0,20.0,20,0.2,0.1,true,true,AIR,42.67476881582877,93.78412383677052,16.19799856599331,-1483.0104,7.6072373,0
PacketPlayInPositionLook,1673903269241,20.0,20.0,20,0.2,0.1,true,true,AIR,42.88917263233205,94.15807263389776,16.389237399355174,-1488.2706,9.792298,0
PacketPlayInPositionLook,1673903269301,20.0,20.0,20,0.2,0.1,true,true,AIR,43.116290144975395,94.53244191813457,16.56518889120579,-1492.2361,11.653646,0
PacketPlayInPositionLook,1673903269345,20.0,20.0,20,0.2,0.1,true,true,AIR,43.34995462950012,94.90706349463711,16.732348109326363,-1494.4213,13.029426,0
PacketPlayInPositionLook,1673903269397,20.0,20.0,20,0.2,0.1,true,true,AIR,43.58571579308054,95.28183644649911,16.896536909393074,-1495.1497,14.324276,0
PacketPlayInPositionLook,1673903269446,20.0,20.0,20,0.2,0.1,true,true,AIR,43.82101954642674,95.65670022357678,17.061380564192536,-1494.9878,16.023767,0
PacketPlayInPositionLook,1673903269501,20.0,20.0,20,0.2,0.1,true,true,AIR,44.05109006159445,96.03161849578385,17.2334527939415,-1493.2073,18.04697,0
PacketPlayInPositionLook,1673903269547,20.0,20.0,20,0.2,0.1,true,true,AIR,44.26949744632384,96.40656946506854,17.420106239972117,-1489.4846,20.393888,0
PacketPlayInPositionLook,1673903269603,20.0,20.0,20,0.2,0.1,true,true,AIR,44.46188464291831,96.78154005259982,17.633480228439574,-1482.0392,23.469158,0
PacketPlayInPositionLook,1673903269647,20.0,20.0,20,0.2,0.1,true,true,AIR,44.60963361125728,97.15652241107905,17.87987733158231,-1470.9521,25.249578,0
PacketPlayInPositionLook,1673903269697,20.0,20.0,20,0.2,0.1,true,true,AIR,44.7136993028744,97.53151183212705,18.147667588952782,-1461.2406,26.139788,0
PacketPlayInPositionLook,1673903269741,20.0,20.0,20,0.2,0.1,true,true,AIR,44.775464021909144,97.90650549071631,18.428249852410556,-1452.4193,27.191854,0
PacketPlayInPositionLook,1673903269797,20.0,20.0,20,0.2,0.1,true,true,AIR,44.80844460382005,98.28150169183034,18.713650566480162,-1446.5925,27.434639,0
PacketPlayInPositionLook,1673903269847,20.0,20.0,20,0.2,0.1,true,true,AIR,44.81915694716824,98.65649941845922,19.000750793061258,-1442.1416,27.596497,0
PacketPlayInPositionLook,1673903269901,20.0,20.0,20,0.2,0.1,true,true,AIR,44.812436691731676,99.03149806039701,19.28797219199896,-1438.6617,27.677425,0
PacketPlayInPositionLook,1673903269947,20.0,20.0,20,0.2,0.1,true,true,AIR,44.801256431250735,99.40649725152015,19.575054574940207,-1437.7715,27.758354,0
PacketPlayInPositionLook,1673903269995,20.0,20.0,20,0.2,0.1,true,true,AIR,44.78762700062663,99.7814967721545,19.862031111875776,-1437.2859,28.001139,0
PacketPlayInPositionLook,1673903270047,20.0,20.0,20,0.2,0.1,true,true,AIR,44.773612392689,100.15649649049557,20.148989085946088,-1437.205,28.162996,0
PacketPlayInPositionLook,1673903270097,20.0,20.0,20,0.2,0.1,true,true,AIR,44.759597784751364,100.53149632746067,20.4359470600164,-1437.205,28.567638,0
PacketPlayInPositionLook,1673903270147,20.0,20.0,20,0.2,0.1,true,true,AIR,44.74558317681374,100.9064962356002,20.72290503408671,-1437.205,29.943419,0
PacketPlayInPositionLook,1673903270197,20.0,20.0,20,0.2,0.1,true,true,AIR,44.7315685688761,101.28149618644439,21.009863008157023,-1437.205,31.966621,0
PacketPlayInPositionLook,1673903270245,20.0,20.0,20,0.2,0.1,true,true,AIR,44.715105955255495,101.50649615695089,21.29669095654846,-1436.7194,33.98983,0
PacketPlayInPositionLook,1673903270295,20.0,20.0,20,0.2,0.1,true,true,AIR,44.6950148515989,101.6414961392548,21.583287605474002,-1435.991,35.770252,0
PacketPlayInPositionLook,1673903270347,20.0,20.0,20,0.2,0.1,true,true,AIR,44.67451161037879,101.87249613459761,21.86985505727292,-1435.91,38.11717,0
PacketPlayInPositionLook,1673903270397,20.0,20.0,20,0.2,0.1,true,true,AIR,44.65683917828322,102.16109613776376,22.156611014626034,-1436.4766,40.30223,0
PacketPlayInPositionLook,1673903270447,20.0,20.0,20,0.2,0.1,true,true,AIR,44.64766840362073,102.33425613966345,22.443764600882538,-1438.1761,42.568222,0
PacketPlayInPositionLook,1673903270497,20.0,20.0,20,0.2,0.1,true,true,AIR,44.65920646268734,102.43815214080327,22.73083282193304,-1442.3035,44.429573,0
PacketPlayInAbilities,1673903270545,20.0,20.0,20,0.2,0.1,true,true,AIR,0,0,0,0,0,0
PacketPlayInPositionLook,1673903270545,20.0,20.0,20,0.2,0.1,true,true,AIR,44.70664033722291,102.50048974148716,23.014190045378214,-1449.5061,46.45278,0
PacketPlayInPositionLook,1673903270599,20.0,20.0,20,0.2,0.1,false,true,AIR,44.80080492358813,102.48318058982048,23.285620182660825,-1459.1366,48.637848,0
PacketPlayInPositionLook,1673903270647,20.0,20.0,20,0.2,0.1,false,true,AIR,44.93333769379565,102.38781761933112,23.540524780521398,-1467.4723,50.661057,0
PacketPlayInPositionLook,1673903270699,20.0,20.0,20,0.2,0.1,false,true,AIR,45.07688431370566,102.21596190490676,23.789393536022907,-1469.9811,50.903843,0
PacketPlayInPosition,1673903270745,20.0,20.0,20,0.2,0.1,false,true,AIR,45.22043093361566,101.96914329996713,24.038262291524415,0.0,0.0,0
PacketPlayInPosition,1673903270799,20.0,20.0,20,0.2,0.1,false,true,AIR,45.36397755352567,101.64886106089271,24.287131047025923,0.0,0.0,0
PacketPlayInKeepAlive,1673903270831,20.0,20.0,20,0.2,0.1,false,true,AIR,0,0,0,0,0,0
PacketPlayInPosition,1673903270847,20.0,20.0,20,0.2,0.1,false,true,AIR,45.50752417343567,101.25658445896501,24.53599980252743,0.0,0.0,0
PacketPlayInPosition,1673903270898,20.0,20.0,20,0.2,0.1,false,true,AIR,45.6376509338008,100.7937533800679,25.135026546644184,0.0,0.0,0
PacketPlayInPositionLook,1673903270947,20.0,20.0,20,0.2,0.1,false,true,AIR,45.769201228741835,100.26177891239504,25.70197444409756,-1471.0332,50.741985,0
PacketPlayInPositionLook,1673903270999,20.0,20.0,20,0.2,0.1,false,true,AIR,45.903994106582445,100.0,26.238433852083325,-1476.2935,50.822914,0
PacketPlayInPositionLook,1673903271041,20.0,20.0,20,0.2,0.1,false,true,AIR,46.28342362720217,100.41999998688698,26.63612047424325,-1483.658,53.412617,0
PacketPlayInPositionLook,1673903271099,20.0,20.0,20,0.2,0.1,false,true,AIR,46.670384339056156,100.7531999805212,27.021600051631854,-1485.1147,53.817257,0
PacketPlayInPosition,1673903271141,20.0,20.0,20,0.2,0.1,false,true,AIR,47.0549113391713,101.00133597911214,27.404655232579593,0.0,0.0,0
PacketPlayInPosition,1673903271199,20.0,20.0,20,0.2,0.1,false,true,AIR,47.437019933889175,101.16610926093821,27.78530126484133,0.0,0.0,0
PacketPlayInPosition,1673903271241,20.0,20.0,20,0.2,0.1,false,true,AIR,47.81672533328518,101.24918707874468,28.163553300274245,0.0,0.0,0
PacketPlayInPosition,1673903271295,20.0,20.0,20,0.2,0.1,false,true,AIR,48.194042651773984,101.25220334025373,28.539426395440945,0.0,0.0,0
PacketPlayInPosition,1673903271347,20.0,20.0,20,0.2,0.1,false,true,AIR,48.56898690871121,101.17675927506424,28.912935512208804,0.0,0.0,0
PacketPlayInPosition,1673903271397,20.0,20.0,20,0.2,0.1,false,true,AIR,48.94157302899124,101.02442408821369,29.284095518345545,0.0,0.0,0
PacketPlayInPosition,1673903271445,20.0,20.0,20,0.2,0.1,false,true,AIR,49.31181584364133,100.79673560066871,29.652921188111048,0.0,0.0,0
PacketPlayInPosition,1673903271501,20.0,20.0,20,0.2,0.1,false,true,AIR,49.679730090411965,100.49520087700593,30.01942720284544,0.0,0.0,0
PacketPlayInPosition,1673903271547,20.0,20.0,20,0.2,0.1,false,true,AIR,50.045330414363505,100.1212968405392,30.383628151553516,0.0,0.0,0
PacketPlayInPosition,1673903271595,20.0,20.0,20,0.2,0.1,false,true,AIR,50.24896085141067,99.67647087614428,30.66679173172687,0.0,0.0,0
PacketPlayInPosition,1673903271645,20.0,20.0,20,0.2,0.1,false,true,AIR,50.452316148959795,99.162141421027,30.94245309678485,0.0,0.0,0
PacketPlayInPosition,1673903271699,20.0,20.0,20,0.2,0.1,false,true,AIR,50.65542106955847,98.57969854367613,31.211287445891077,0.0,0.0,0
PacketPlayInPosition,1673903271745,20.0,20.0,20,0.2,0.1,false,true,AIR,50.85829814712568,98.0,31.47390921030217,0.0,0.0,0
PacketPlayInPosition,1673903271799,20.0,20.0,20,0.2,0.1,false,true,AIR,51.188067733146326,98.41999998688698,31.47327688426716,0.0,0.0,0
PacketPlayInPosition,1673903271841,20.0,20.0,20,0.2,0.1,false,true,AIR,51.51576329353715,98.7531999805212,31.472648535131352,0.0,0.0,0
PacketPlayInPosition,1673903271905,20.0,20.0,20,0.2,0.1,false,true,AIR,51.84139787250383,99.00133597911214,31.472024137882762,0.0,0.0,0
PacketPlayInPosition,1673903271941,20.0,20.0,20,0.2,0.1,false,true,AIR,52.16498443221293,99.16610926093821,31.471403667666717,0.0,0.0,0
PacketPlayInPosition,1673903271997,20.0,20.0,20,0.2,0.1,false,true,AIR,52.486535853307814,99.24918707874468,31.470787099784864,0.0,0.0,0
PacketPlayInPosition,1673903272041,20.0,20.0,20,0.2,0.1,false,true,AIR,52.80606493542139,99.25220334025373,31.470174409694184,0.0,0.0,0
PacketPlayInPosition,1673903272099,20.0,20.0,20,0.2,0.1,false,true,AIR,53.12358439768562,99.17675927506424,31.469565573006015,0.0,0.0,0
PacketPlayInPosition,1673903272143,20.0,20.0,20,0.2,0.1,false,true,AIR,53.439106879237784,99.02442408821369,31.468960565485087,0.0,0.0,0
PacketPlayInPosition,1673903272195,20.0,20.0,20,0.2,0.1,false,true,AIR,53.75264493972364,98.79673560066871,31.46835936304855,0.0,0.0,0
PacketPlayInPosition,1673903272247,20.0,20.0,20,0.2,0.1,false,true,AIR,54.06421105979733,98.49520087700593,31.46776194176502,0.0,0.0,0
PacketPlayInPosition,1673903272299,20.0,20.0,20,0.2,0.1,false,true,AIR,54.37381764161822,98.1212968405392,31.467168277853627,0.0,0.0,0
PacketPlayInPosition,1673903272345,20.0,20.0,20,0.2,0.1,false,true,AIR,54.657354286968,98.0,31.54758258476836,0.0,0.0,0
PacketPlayInPosition,1673903272399,20.0,20.0,20,0.2,0.1,false,true,AIR,54.95021950615593,98.41999998688698,31.547021022057027,0.0,0.0,0
PacketPlayInPosition,1673903272445,20.0,20.0,20,0.2,0.1,false,true,AIR,55.24124280299435,98.7531999805212,31.546462991191884,0.0,0.0,0
PacketPlayInPosition,1673903272501,20.0,20.0,20,0.2,0.1,false,true,AIR,55.53043576191773,99.00133597911214,31.54590846996003,0.0,0.0,0
PacketPlayInPosition,1673903272547,20.0,20.0,20,0.2,0.1,false,true,AIR,55.817809894502346,99.16610926093821,31.545357436288263,0.0,0.0,0
PacketPlayInPosition,1673903272599,20.0,20.0,20,0.2,0.1,false,true,AIR,56.1051093636455,99.24918707874468,31.54480654578203,0.0,0.0,0
PacketPlayInPosition,1673903272645,20.0,20.0,20,0.2,0.1,false,true,AIR,56.39240883278865,99.25220334025373,31.544255655275798,0.0,0.0,0
PacketPlayInPosition,1673903272699,20.0,20.0,20,0.2,0.1,false,true,AIR,56.6797083019318,99.17675927506424,31.543704764769565,0.0,0.0,0
PacketPlayInPosition,1673903272745,20.0,20.0,20,0.2,0.1,false,true,AIR,56.96700777107495,99.02442408821369,31.543153874263332,0.0,0.0,0
PacketPlayInPosition,1673903272799,20.0,20.0,20,0.2,0.1,false,true,AIR,57.2543072402181,98.79673560066871,31.5426029837571,0.0,0.0,0
PacketPlayInPosition,1673903272847,20.0,20.0,20,0.2,0.1,false,true,AIR,57.54160670936125,98.49520087700593,31.542052093250867,0.0,0.0,0
PacketPlayInKeepAlive,1673903272877,20.0,20.0,20,0.2,0.1,false,true,AIR,0,0,0,0,0,0
PacketPlayInPosition,1673903272901,20.0,20.0,20,0.2,0.1,false,true,AIR,57.8289061785044,98.1212968405392,31.541501202744634,0.0,0.0,0
PacketPlayInPosition,1673903272947,20.0,20.0,20,0.2,0.1,false,true,AIR,58.12804927067559,98.0,31.586661031188243,0.0,0.0,0
PacketPlayInPosition,1673903272999,20.0,20.0,20,0.2,0.1,false,true,AIR,58.42867863653632,98.41999998688698,31.586084580893914,0.0,0.0,0
PacketPlayInPosition,1673903273047,20.0,20.0,20,0.2,0.1,false,true,AIR,58.72741724886396,98.7531999805212,31.585511756078514,0.0,0.0,0
PacketPlayInEntityAction,1673903273103,20.0,20.0,20,0.2,0.1,false,true,AIR,0,0,0,0,0,STOP_SPRINTING
PacketPlayInPosition,1673903273103,20.0,20.0,20,0.2,0.1,false,true,AIR,58.93273611829443,99.00133597911214,31.379403986608338,0.0,0.0,0
PacketPlayInPosition,1673903273141,20.0,20.0,20,0.2,0.1,false,true,AIR,58.93273611829443,99.16610926093821,31.379403986608338,0.0,0.0,0
PacketPlayInPosition,1673903273197,20.0,20.0,20,0.2,0.1,false,true,AIR,58.93273611829443,99.24918707874468,31.379403986608338,0.0,0.0,0
PacketPlayInPosition,1673903273296,20.0,20.0,20,0.2,0.1,false,true,AIR,58.93273611829443,99.17675927506424,31.379403986608338,0.0,0.0,0
PacketPlayInPosition,1673903273347,20.0,20.0,20,0.2,0.1,false,true,AIR,58.93273611829443,99.02442408821369,31.379403986608338,0.0,0.0,0
PacketPlayInPosition,1673903273391,20.0,20.0,20,0.2,0.1,false,true,AIR,58.93273611829443,98.79673560066871,31.379403986608338,0.0,0.0,0
PacketPlayInPosition,1673903273447,20.0,20.0,20,0.2,0.1,false,true,AIR,58.93273611829443,98.49520087700593,31.379403986608338,0.0,0.0,0
PacketPlayInPosition,1673903273495,20.0,20.0,20,0.2,0.1,false,true,AIR,58.93273611829443,98.1212968405392,31.379403986608338,0.0,0.0,0
PacketPlayInPosition,1673903273545,20.0,20.0,20,0.2,0.1,false,true,AIR,59.066203485913576,98.0,31.410355998858762,0.0,0.0,0
PacketPlayInChat,1673903273943,20.0,20.0,20,0.2,0.1,false,true,AIR,0,0,0,0,0,0
